shapeid,x,y,address
0,-73.8623329049,40.6783255848,105-26 ruby street
1,-73.8622852148,40.6781585021,105-30 ruby street
2,-73.8403524347,40.7170873061,160 burns street
3,-73.8794246412,40.6817230519,3133 arlington avenue
4,-73.8039683004,40.6675158932,134-034 135th avenue
5,-73.7525557419,40.7724015797,9 melrose lane
6,-73.9162338178,40.7769883483,165 23rd avenue
7,-73.8328475235,40.7095616154,33 beverly road
8,-73.7461178357,40.7759434368,361 arleigh road
9,-73.7520307832,40.7779845195,119 grosvenor street
10,-73.7295364457,40.6629917827,250-020 hook creek boulevard
11,-73.8290804195,40.7108843987,106 82nd drive
12,-73.740906163,40.753437868,63-077 douglaston parkway
13,-73.7399646599,40.7535125371,63-063 douglaston parkway
14,-73.8883841551,40.566457914,86 church avenue
15,-73.9165009065,40.7766894706,168 23rd avenue
16,-73.8798790097,40.7047849809,2910 central avenue
17,-73.7509786898,40.6704057599,223-011 carson street
18,-73.7300612791,40.6648551671,248-004 hook creek boulevard
19,-73.8299712455,40.7103061037,118 82nd drive
20,-73.8312027018,40.7119461458,119 81st avenue
21,-73.8294875983,40.7115910615,104 82nd road
22,-73.8296375352,40.7105044978,114 82nd drive
23,-73.7296211765,40.6634179505,250-002 hook creek boulevard
24,-73.8316272785,40.7107856585,125 82nd avenue
25,-73.8338486749,40.7088942444,118 audley street
26,-73.8296574706,40.7115026614,106 82nd road
27,-73.8305427624,40.7123644592,111 81st avenue
28,-73.748276934,40.6611353155,231-013 145th avenue
29,-73.8411697218,40.6949994528,177 88th avenue
30,-73.8428290627,40.7152070135,103 ascan avenue
31,-73.8410113402,40.7144479592,59 seasongood road
32,-73.8484533647,40.7187501472,82 dartmouth street
33,-73.8395523656,40.7140516571,139 greenway north
34,-73.7282809446,40.6569270256,147-016 francis lewis boulevard
35,-73.8330948418,40.7083464883,119-024 83rd avenue
36,-73.7531203638,40.7782273928,17 grosvenor street
37,-73.8116829737,40.7593157812,163 beech avenue
38,-73.8358473012,40.7134992009,382 burns street
39,-73.7465376635,40.7776460753,378 beverly road
40,-73.7478621871,40.7700005886,23 40th avenue
41,-73.8394876985,40.7146231748,114 greenway north
42,-73.8272329821,40.79582543,114 malba drive
43,-73.8444949591,40.7169223148,77 greenway terrace
44,-73.8377446918,40.7147883208,291 burns street
45,-73.7488727311,40.7768992323,303 manor road
46,-73.7503224708,40.773194752,123 forest road
47,-73.8394619086,40.7165228321,196 burns street
48,-73.7518636674,40.7756760899,121 hollywood avenue
49,-73.8418027219,40.7168443176,39 ascan avenue
50,-73.7534960947,40.776767721,19 westmoreland place
51,-73.8366069227,40.7142463495,338 burns street
52,-73.8426224024,40.7154789977,85 ascan avenue
53,-73.8427080522,40.7123620967,45 ingram street
54,-73.9156656287,40.7761660709,190 23rd avenue
55,-73.8406862891,40.7141363951,81 75th road
56,-73.7497124387,40.7708078048,6 cherry street
57,-73.8434362674,40.7142393686,149 ascan avenue
58,-73.7502328663,40.77424327,200 park lane
59,-73.812489492,40.7593691208,132 beech avenue
60,-73.8431273813,40.7138573592,160 ascan avenue
61,-73.8367111833,40.7138233473,712 burns street
62,-73.7996874857,40.5920968087,3-056 beach channel drive
63,-73.845703994,40.7182371577,30 71st avenue
64,-73.8471165821,40.7160662521,114 71st avenue
65,-73.751930523,40.7760832691,120 manor road
66,-73.7475160967,40.7756980688,321 arleigh road
67,-73.7921004891,40.752870631,188-006 hollis court boulevard
68,-73.9049832386,40.7021373552,5723 putnam avenue
69,-73.7584938536,40.5962303369,25-001 highland court
70,-73.8360467932,40.712817274,60 deepdene road
71,-73.8769628841,40.7054828199,2994 central avenue
72,-73.7398727348,40.7537586798,62-047 douglaston parkway
73,-73.8909788349,40.7024181299,2595 central avenue
74,-73.9164484043,40.7766524352,170 23rd avenue
75,-73.8471605479,40.7175290696,50 exeter street
76,-73.84315514,40.7099677759,267 75th road
77,-73.8408977347,40.7173505506,150 burns street
78,-73.8424984361,40.7149127478,114 ascan avenue
79,-73.847803546,40.7178319026,100 tennis place
80,-73.7469658714,40.7705455878,88 240th street
81,-73.7975750515,40.7099695459,14 clinton terrace
82,-73.8441737463,40.7189358886,25 burns street
84,-73.8404089622,40.7124869642,65 shorthill road
85,-73.8916555789,40.5674707359,242 roxbury avenue
83,-73.8442561228,40.7142917654,84 greenway south
86,-73.746560244,40.7678961457,8 240th street
87,-73.8430502391,40.7102291685,259 75th road
88,-73.8444524218,40.7174057839,53 greenway terrace
89,-73.7800956388,40.7173687019,185-002 chelsea street
90,-73.751303878,40.7779563542,203 grosvenor street
91,-73.8431852377,40.7129660972,20 ingram street
92,-73.8370828112,40.7141894328,315 burns street
93,-73.7490959192,40.7723388734,211 38th road
94,-73.8129013026,40.750149056,2-008 smart street
95,-73.8337304449,40.7178925458,113-003 76th road
96,-73.9061887397,40.7086159908,578 grandview avenue
97,-73.8423034768,40.7151464259,98 ascan avenue
98,-73.7407722754,40.7534494845,63-075 douglaston parkway
99,-73.913326578,40.563392963,718 liberty lane
100,-73.8413547538,40.7122652262,144 75th road
101,-73.7505201122,40.7756023722,206 hollywood avenue
102,-73.8392203774,40.7122475872,24 wendover road
103,-73.8906210037,40.702485619,2601 central avenue
104,-73.8433489967,40.7185695665,69 burns street
105,-73.7387993653,40.7536164039,63-045 douglaston parkway
106,-73.8280886367,40.7903327596,31 9th avenue
107,-73.8131105992,40.5900654561,355 dormans court
108,-73.7539515276,40.7785087208,604 shore road
109,-73.8473985699,40.7164439474,105 71st avenue
110,-73.7480308368,40.7712307524,27 cherry street
111,-73.8391938464,40.716337725,206 burns street
112,-73.8401242567,40.7169496305,168 burns street
113,-73.7453946861,40.7750698499,359 ridge road
114,-73.7392512378,40.7535772658,63-051 douglaston parkway
115,-73.8284779476,40.7910289666,29 north drive
116,-73.8381260561,40.7144346056,112 beechknoll road
117,-73.7523126399,40.7798225334,24 knollwood avenue
118,-73.8435550289,40.7132453045,184 ascan avenue
119,-73.7401617683,40.5997517273,538 meehan avenue
120,-73.788013492,40.7869966641,13-034 lori drive
121,-73.9959318917,40.7316225789,60 washington mews
122,-73.9250404338,40.6379792552,19 preston court
123,-73.9623884413,40.6592153381,150 ocean avenue
124,-73.9072445059,40.6589121079,210 thatford avenue
125,-73.9875742002,40.5826795629,143 bay 53rd street
126,-73.9874912323,40.5827238463,141 bay 53rd street
127,-73.8636650549,40.680032929,97-34 drew street
128,-73.8563661397,40.8074616032,1027 g street
129,-73.8482256737,40.8143348005,327 howe avenue
130,-73.8570020071,40.8086083298,1625 underhill avenue
131,-73.8576848311,40.8104939384,1500 underhill avenue
132,-74.0062638886,40.5743609458,4034 beach 40th street
133,-73.9691032034,40.5833571236,3080 shore parkway sr south
134,-73.8640645872,40.6817095801,95-20 drew street
135,-73.8655191606,40.6818946029,7312 95th avenue
136,-73.879755539,40.6816574226,3123 arlington avenue
137,-73.9067494973,40.658785977,189 thatford avenue
138,-73.9628722392,40.6346228097,29 newkirk plaza
139,-73.9611565939,40.5804106829,6 brighton 7th lane
140,-73.9588756638,40.5816666095,41 fay court
141,-73.9650180924,40.5801711627,44 brighton 3rd court
142,-73.9632133578,40.580681471,42 brighton 5th court
143,-73.8576557103,40.8103595425,1502 underhill avenue
144,-73.816348443,40.8403327115,3391-02 country club road
145,-73.8876767845,40.7029206179,2680 central avenue
146,-73.8477272123,40.8138651396,62 howe avenue
147,-73.8478149533,40.8142428203,57 howe avenue
148,-73.8575911326,40.8075003694,905 bronx river avenue
149,-73.8439829586,40.8359538251,133 kinnear place
150,-73.8481769348,40.814137148,323 howe avenue
151,-73.8207279963,40.6926995981,4842 97th avenue
152,-73.7894441332,40.7523725307,190-017 hollis court boulevard
153,-73.7471637376,40.7460854887,68-001 cloverdale lane
154,-73.8874218622,40.703242105,2693 central avenue
155,-73.8478112017,40.716625211,35 fleet street
156,-73.8003162666,40.7106684918,86-014 164th street
157,-73.7479413392,40.7767261708,324 manor road
158,-73.8295043531,40.7062326229,82-004 brevoort street
159,-73.8420143154,40.7128322078,159 greenway south
160,-73.8641376801,40.6819442174,95-12 drew street
161,-73.9174000341,40.7778092015,133 23rd avenue
162,-73.8295284234,40.7111239335,105 82nd road
163,-73.8661103317,40.6829826423,319 eldert lane
164,-73.918729067,40.7782563272,102 23rd avenue
165,-73.7407369023,40.5983113796,611 jarvis avenue
166,-73.75131182,40.776840502,202 beverly road
167,-73.829453191,40.7102359956,115 82nd drive
168,-73.8368738104,40.7144875757,320 burns street
169,-73.9270080777,40.6400528918,5201 foster avenue
170,-73.7461524426,40.7745749483,340 ridge road
171,-73.8295304521,40.7901216778,41 141st street
172,-73.7461736812,40.7718194249,22 38th drive
173,-73.8405793824,40.7172242457,152 burns street
174,-73.7465585716,40.7754917897,342 arleigh road
175,-73.7504719353,40.7794233308,319 richmond road
176,-73.9048638698,40.7022547294,5727 putnam avenue
177,-73.7524121374,40.7727620483,22 west drive
178,-73.8423034867,40.7177689055,16 holder place
179,-73.7477806199,40.7718043398,122 prospect avenue
180,-73.7483279671,40.7738571784,240 ridge road
181,-73.8281302483,40.790832946,30 north drive
182,-73.9044299215,40.702682374,5803 putnam avenue
183,-73.8444609936,40.7173566043,61 greenway terrace
184,-73.8300184311,40.580894059,8 curtis court
185,-73.8604243458,40.8468145256,168 delancey place
186,-73.920369803,40.8803552075,2570 independence avenue
187,-73.86369005,40.6801421162,97-30 drew street
188,-73.9666556254,40.5773732185,62 brighton 1st terrace
189,-73.8475468352,40.8130926656,72 howe avenue
190,-73.8304540956,40.7114718138,113 82nd avenue
191,-73.829374731,40.7112715001,103 82nd road
192,-73.8383868035,40.7157418855,256 burns street
193,-73.7365946061,40.66366534,140-026 243rd street
194,-73.8804598369,40.649258681,155 elmira loop
195,-73.8428616002,40.7128058173,32 ingram street
196,-73.8397347163,40.716711237,186 burns street
197,-73.8414774605,40.7134690176,48 summer street
198,-73.8288338618,40.7908345037,33 north drive
199,-73.7510609425,40.7790399226,302 richmond road
200,-73.8469671484,40.7179651588,66 tennis place
201,-73.8381970231,40.7151723551,273 burns street
202,-73.7495877919,40.7785662508,330 warwick avenue
203,-73.8137613595,40.6913741954,1260 133rd street
204,-73.7420945379,40.7380452767,78-029 cloverdale boulevard
205,-73.8471226956,40.719526575,1 tennis place
206,-73.7491238209,40.7765499748,260 manor road
207,-73.8604982346,40.8469482236,166 delancey place
208,-73.8793561505,40.6817366013,3135 arlington avenue
209,-73.8424283223,40.7157889281,81 ascan avenue
210,-73.8464791335,40.7156649755,64 groton street
211,-73.8270944647,40.7954293988,112 malba drive
212,-73.8004275127,40.7825916355,163-045 willets point boulevard
213,-73.8476104822,40.7179159624,82 tennis place
214,-73.9105233181,40.713923821,21-042 54th place
215,-73.8448276025,40.718326653,11 greenway terrace
216,-73.9613252666,40.5803771604,7 brighton 7th lane
217,-73.9585525009,40.5816997001,47 gray court
218,-73.8458961309,40.7151033555,93 groton street
219,-73.8418218851,40.6946540727,155 88th avenue
220,-73.7508958157,40.7804304155,318 kenmore road
221,-73.7540877812,40.776767217,5 westmoreland place
222,-73.9076921701,40.6994622826,5551 putnam avenue
223,-73.7539290918,40.7754347532,202 shore road
224,-73.8289774855,40.7913806014,32 7th avenue
225,-73.7528369546,40.7735554101,1 alston place
226,-73.8304648521,40.7900690677,16 point crescent
227,-73.7410569152,40.7534293464,63-079 douglaston parkway
228,-73.8387284836,40.7160153337,226 burns street
229,-73.7510735824,40.7797144367,310 knollwood avenue
230,-73.7491304138,40.7772292836,300 beverly road
231,-73.925229317,40.6379395183,13 preston court
232,-73.9245199778,40.6379227744,30 preston court
233,-73.8476314101,40.8134575821,67 howe avenue
234,-73.7387333621,40.7536221346,63-043 douglaston parkway
235,-73.8290305563,40.7901043433,42 141st street
236,-73.8451428432,40.7179973699,7 archway place
237,-73.9244101667,40.6382830485,33 preston court
238,-73.9628848344,40.6346862491,32 newkirk plaza
239,-73.9730601717,40.5939717146,108 village road south
240,-73.8130373527,40.5900746149,355 dormans court
241,-73.810341537,40.7589205581,273 cherry avenue
242,-73.7521833408,40.780828671,7 kenmore road
243,-73.85767339,40.810432612,1501 underhill avenue
244,-73.906303211,40.7085041437,578 grandview avenue
245,-73.8308987016,40.7125423649,112 81st avenue
246,-73.7483467405,40.769954414,15 40th avenue
247,-73.841378723,40.7143788823,11 summer street
248,-73.7505681857,40.780109194,327 knollwood avenue
249,-73.7773433195,40.7165982619,186-022 chelsea street
250,-73.8483166334,40.7159959073,17 groton street
251,-73.9163627158,40.7770475247,161 23rd avenue
252,-73.8403821639,40.7154833649,72 greenway north
253,-73.907024885,40.6437930026,18 rose street
254,-73.857634276,40.8102670797,1503 underhill avenue
255,-73.8319422639,40.6948218733,32-010 91st avenue
256,-73.7496891007,40.776055087,237 hollywood avenue
257,-73.8298518238,40.789863957,22 point crescent
258,-73.8402271856,40.7127687993,51 shorthill road
259,-73.8456079421,40.7153290875,94 groton street
260,-73.8381960898,40.7118830062,234 greenway north
261,-73.8841330194,40.704054965,2785 central avenue
262,-73.7461624347,40.7763098965,370 hollywood avenue
263,-73.9583423004,40.5819259309,49 holt court
264,-73.7387405532,40.6002939054,337 meehan avenue
265,-73.7506585582,40.7807950064,321 kenmore road
266,-73.7417491374,40.5980534103,641 jarvis avenue
267,-73.8403115479,40.8826431649,1 cardinal spellman place
268,-73.7472681722,40.774351704,307 ridge road
269,-73.747070419,40.7761677042,336 hollywood avenue
270,-73.7504507066,40.7791337849,320 richmond road
271,-73.9629252169,40.6349813548,40 newkirk plaza
272,-73.7293378632,40.6635960371,250-011 hook creek boulevard
273,-73.8620180741,40.677138042,106-24 ruby street
274,-73.8660324552,40.6826400471,335 eldert lane
275,-73.8412395796,40.6948231876,176 88th avenue
276,-73.8990717214,40.7204219049,45 59th avenue
277,-73.7523801939,40.7764597332,600 west drive
278,-73.9613728642,40.5804807384,17 brighton 7th lane
279,-73.8415405244,40.6947269733,165 88th avenue
280,-73.9194231925,40.5606518728,109 rockaway point boulevard
281,-73.7399084834,40.7535220372,63-061 douglaston parkway
282,-73.7495442623,40.7789021308,335 warwick avenue
283,-73.9061631181,40.7086879129,578 grandview avenue
284,-73.8310349473,40.7111095262,119 82nd avenue
285,-73.8301534843,40.70494804,310 brevoort street
286,-73.9028682061,40.8765385831,3001 albany crescent
287,-73.9024747207,40.895168599,3 indian road
288,-73.8575239279,40.8098762141,1509 underhill avenue
289,-73.8638243245,40.6807296579,97-12 drew street
290,-73.8406900187,40.6950819317,191 88th avenue
291,-73.8426447613,40.710324146,254 75th road
292,-73.7795306793,40.7358868446,192-045 71st crescent
293,-73.8312836181,40.7113807908,122 82nd avenue
294,-73.7378668277,40.7699757639,9 cornell lane
295,-73.8409138974,40.7158448953,60 greenway north
296,-73.7282836548,40.6568683141,147-020 francis lewis boulevard
297,-73.825191823,40.7936001626,90 parsons boulevard
298,-73.8461134888,40.7188043589,5 dartmouth street
299,-73.8441388345,40.7183586383,26 greenway terrace
300,-73.7497874323,40.7802488481,349 knollwood avenue
301,-73.8377670799,40.7137121292,39 underwood road
302,-73.8623498263,40.678412155,105-24 ruby street
303,-73.8441978516,40.71847848,18 greenway terrace
304,-73.8478595441,40.8144294391,55 howe avenue
305,-73.8296133059,40.7124631549,20 kew gardens road
306,-73.928033297,40.8127403615,9 canal place
307,-73.8492089844,40.8142085345,311 torry avenue
308,-73.8404068737,40.7171201503,158 burns street
309,-73.7403992284,40.5984509074,603 jarvis avenue
310,-73.8295695282,40.7902545414,39 141st street
311,-73.8426207454,40.7131105718,145 greenway south
312,-73.8441030233,40.7182917093,30 greenway terrace
313,-73.8481286137,40.7159223573,19 groton street
315,-73.7498903769,40.7788195048,329 warwick avenue
316,-73.8266861542,40.7942579653,98 malba drive
314,-73.7471396109,40.6020187137,4 hurley court
317,-73.8397112864,40.7119706457,41 wendover road
318,-73.7487115396,40.7699798059,9 40th avenue
319,-73.8557622135,40.8087082361,2 dune court
320,-73.9754547331,40.6585807844,2 11th avenue
321,-73.9732913384,40.7940918609,20 pomander walk
322,-73.8399009597,40.715008056,102 greenway north
323,-73.8422142176,40.6945620362,145 88th avenue
324,-73.7444527391,40.6579960704,240-012 146th avenue
325,-73.8448471308,40.718379711,7 greenway terrace
326,-73.8391424031,40.7112905982,70 rockrose place
327,-73.7403863533,40.7534811161,63-069 douglaston parkway
328,-73.7774502763,40.716669348,186-018 chelsea street
329,-73.8292106916,40.7910730883,36 141st street
330,-73.9251874032,40.6379668802,15 preston court
331,-73.8411379407,40.7169106111,26 ascan avenue
332,-73.847028529,40.7185746455,45 tennis place
333,-73.9172946602,40.7777349006,137 23rd avenue
334,-73.9062237024,40.700605662,5610 putnam avenue
335,-73.8477255928,40.813857709,320 howe avenue
336,-73.9615091454,40.580919895,26 brighton 7th court
337,-73.8128874205,40.7585014692,224 cherry avenue
338,-73.7481211392,40.77559413,303 arleigh road
339,-73.834583928,40.7084069744,127 audley street
340,-73.8295417591,40.7061559224,82-008 brevoort street
341,-73.8420034125,40.7156504914,80 ascan avenue
342,-73.8570157249,40.8086673404,1624 underhill avenue
343,-73.8271163505,40.7920187273,74 malba drive
344,-73.8777693165,40.7059926214,1-033 73rd street
345,-73.8395584479,40.7125021188,21 wendover road
346,-73.9364551808,40.7509340627,29-001 41st avenue
347,-73.7509142572,40.7748183606,140 arleigh road
348,-73.8410718552,40.7148878437,48 seasongood road
349,-73.8393814034,40.7112533907,82 rockrose place
350,-73.7511451843,40.7729952385,101 forest road
351,-73.7477605352,40.7774717313,344 beverly road
352,-73.8456093432,40.7149858954,101 groton street
353,-73.8660213975,40.6825914006,337 eldert lane
354,-73.7504221166,40.7749324336,200 arleigh road
355,-73.8279949899,40.7908908509,28 north drive
356,-73.8424801649,40.7149659986,112 ascan avenue
357,-73.8136850762,40.7587574474,103 beech avenue
358,-73.8308634542,40.653379774,9 davenport court
359,-73.8632992149,40.6797432344,469 drew street
360,-73.7482593977,40.7766792957,312 manor road
361,-73.8250744231,40.7934013299,86 parsons boulevard
362,-73.841611459,40.7171467923,25 ascan avenue
363,-73.9962889413,40.7317729355,68 washington mews
364,-73.8476506232,40.8135359195,312 howe avenue
365,-73.8383724455,40.7153177272,265 burns street
366,-73.8396248268,40.716635335,190 burns street
367,-73.9733957293,40.7939475167,17 pomander walk
368,-73.8444901162,40.7187458974,8 greenway terrace
369,-73.8768443547,40.7054320066,72-004 73rd place
370,-73.9057571864,40.7010549355,5624 putnam avenue
371,-73.9358142957,40.5837390739,4 shale street
372,-73.9636884156,40.5794212772,10 brighton 4th place
373,-73.7462110506,40.7725523005,324 38th road
374,-73.8073944017,40.8222441942,28 harding avenue
375,-73.8427508393,40.7100468253,262 75th road
376,-73.7478988441,40.6003205894,13-032 grandview terrace
377,-73.8365676398,40.7142108435,340 burns street
378,-73.8293061071,40.7126666547,41 kew gardens road
379,-73.751152504,40.7800325044,311 knollwood avenue
380,-73.7511582128,40.774781984,130 arleigh road
381,-73.7323036288,40.746986309,242-023 oak park drive
382,-73.8779255098,40.7055529262,2969 central avenue
383,-73.7514816924,40.7740363619,118 park lane
384,-73.8816150924,40.7043481959,2858 central avenue
385,-73.8018888305,40.7714219585,162-012 bayside lane
386,-73.8367187617,40.71284757,45 deepdene road
387,-73.9174517701,40.7778456799,131 23rd avenue
388,-73.9170190161,40.7244030861,3-000 null
389,-73.8422005531,40.7125337049,56 ingram street
390,-73.7477652398,40.7767684629,328 manor road
391,-73.8358586783,40.7083384014,136 audley street
392,-73.8429016419,40.7150292502,115 ascan avenue
393,-73.9279564366,40.8128507726,11 canal place
394,-73.8325431699,40.6563861245,16 bayview avenue
395,-73.8156361776,40.8402494797,3391-05 country club road
396,-73.7508866787,40.7734275411,30 ridge road
397,-73.8130841968,40.7581852206,217 cherry avenue
398,-73.9042132979,40.7025516858,5804 putnam avenue
399,-73.842747609,40.7127621801,38 ingram street
400,-73.7478072308,40.7459099897,68-023 cloverdale lane
401,-73.8449666321,40.7146762868,61 greenway south
402,-73.7377646567,40.7699334186,7 cornell lane
403,-73.9659201952,40.580127277,38 brighton 2nd place
404,-73.9648167853,40.5797288316,24 brighton 3rd lane
405,-73.7460289876,40.7718239604,24 38th drive
406,-73.7479318282,40.7774386393,336 beverly road
407,-73.8384720631,40.7113049819,245 greenway north
408,-73.8425275275,40.7148664394,116 ascan avenue
409,-73.8316088475,40.7116796891,123 81st avenue
410,-73.8279007349,40.7963136874,1-020 powells cove drive
411,-73.8161849159,40.6075148879,2503 west road
412,-73.838586379,40.7134126921,166 greenway north
413,-73.7489590845,40.7775611803,319 beverly road
414,-73.7498861437,40.7739092399,211 ridge road
415,-73.8450708869,40.718016836,9 archway place
416,-73.8422935775,40.7125803507,54 ingram street
417,-73.7522039611,40.7780033911,113 grosvenor street
418,-73.8457676802,40.7181553777,34 71st avenue
419,-73.8481799281,40.7162639808,18 groton street
420,-73.8782376639,40.705421692,2951 central avenue
421,-73.9060652942,40.7007330741,5614 putnam avenue
422,-73.9462702354,40.7660634113,40 river road
423,-73.7402734475,40.5996890187,542 meehan avenue
424,-73.797690878,40.70992775,12 clinton terrace
425,-73.8071326706,40.8221409372,11 harding avenue
426,-73.8671338812,40.6616854375,184 old mill road
427,-73.843093461,40.7170021139,86 greenway terrace
428,-73.8659441061,40.6823012614,361 eldert lane
429,-73.8851178035,40.7037952909,2759 central avenue
430,-73.8293789492,40.8428688039,2996 merry avenue
431,-73.7442355165,40.6579736666,240-018 146th avenue
432,-73.8333175829,40.7102347596,153 onslow place
433,-73.7474323094,40.7749718574,311 park lane
434,-73.8384310502,40.7157784601,254 burns street
435,-73.75380128,40.7793673409,706 shore road
436,-73.7513419497,40.7822193226,1120 shore road
437,-73.9629437552,40.6350717027,42 newkirk plaza
438,-73.8623374669,40.6785060089,105-20 ruby street
439,-73.8303915329,40.5804971843,10 betty court
440,-73.8292113557,40.7107727349,108 82nd drive
441,-73.7277221749,40.6594173169,257-002 hook creek boulevard
442,-73.9723527664,40.593909714,94 village road south
443,-73.8464110183,40.7863728056,3 beech court circle
444,-73.8413890426,40.7136760635,36 summer street
445,-73.8444414994,40.7172026534,65 greenway terrace
446,-73.7455108298,40.7701442094,113 depew avenue
447,-73.8839775905,40.7040910438,2789 central avenue
448,-73.8406748329,40.715717403,62 greenway north
449,-73.9656730369,40.5796840275,56 brighton 2nd path
450,-73.9660542818,40.577273786,46 brighton 1st lane
451,-73.9075635936,40.6441316978,2 rose street
452,-73.7482030184,40.7776603613,339 beverly road
453,-73.7821661404,40.7349957398,188-045 71st crescent
454,-73.7467219907,40.7762137736,356 hollywood avenue
455,-73.7478274899,40.7734736923,259 forest road
456,-73.8443807814,40.7126632834,203 ascan avenue
457,-73.7318794952,40.7465286793,241-051 oak park drive
458,-73.8354103435,40.7131013406,400 burns street
459,-73.8406715192,40.7168782134,35 borage place
460,-73.7518263192,40.7715372978,226 bay street
461,-73.7487795187,40.771899451,32 hillcrest avenue
462,-73.9576845439,40.5817479892,61 brighton 10th court
463,-73.9581947489,40.5817376782,51 holt court
464,-73.9635843182,40.5795174946,9 brighton 4th place
465,-73.8293597434,40.7106913914,110 82nd drive
466,-73.728906554,40.7692385831,3 oakley place
467,-73.9129001181,40.5636475162,754 liberty lane
468,-73.7462202172,40.7714310135,321 cherry street
469,-73.8367765083,40.7143996279,330 burns street
470,-73.8470746811,40.7865619524,12 beech court circle
471,-73.7477247008,40.7459160802,68-021 cloverdale lane
472,-73.8003444015,40.7107142784,86-012 164th street
473,-73.8435276034,40.7149048607,57 russell place
474,-73.7456892395,40.7719020271,34 38th drive
475,-73.8415903768,40.715324768,24 seasongood road
476,-73.7879431633,40.7869684291,13-036 lori drive
477,-73.8432484363,40.7144690732,133 ascan avenue
478,-73.7517907272,40.7793759046,111 richmond road
479,-73.8287037102,40.7111050918,102 82nd drive
480,-73.7485504466,40.7730160426,234 forest road
481,-73.8395670154,40.7165954125,192 burns street
482,-73.746108161,40.6632376973,231-003 lansing avenue
483,-73.8372407807,40.7148091598,304 burns street
484,-73.8461081209,40.7151446843,87 groton street
486,-73.7477252371,40.7781846669,366 grosvenor street
487,-73.7498971863,40.6032198257,16 scott a gadell place
488,-73.7500370741,40.780214154,343 knollwood avenue
489,-73.903669718,40.7075246591,677 grandview avenue
490,-73.8300462785,40.5809477332,6 curtis court
491,-73.840703969,40.7151049792,83 greenway north
492,-73.8432566403,40.7171738165,78 greenway terrace
493,-73.8477696471,40.7169423603,40 fleet street
494,-73.8476774523,40.7165863665,31 fleet street
495,-73.7406311002,40.7534617388,63-073 douglaston parkway
496,-73.9660171732,40.5796798212,34 brighton 2nd place
497,-73.8272607962,40.7934163621,89 malba drive
498,-73.7523027759,40.7724862454,3 melrose lane
499,-73.8258653333,40.7909130654,15 9th avenue
500,-73.8633477991,40.679955526,459 drew street
501,-73.8398841058,40.7127345847,56 shorthill road
502,-73.8565855052,40.8071217876,1015 cornell avenue
503,-73.8409014604,40.6950530067,185 88th avenue
504,-73.841857947,40.7133815788,61 summer street
505,-73.7513675857,40.7723652853,24 west drive
506,-73.8399082393,40.7155874349,36 beechknoll road
507,-73.7492030801,40.7758266235,248 hollywood avenue
508,-73.7533460606,40.7771719679,18 beverly road
509,-73.7511014941,40.7733742467,20 ridge road
510,-73.7402411225,40.7534937175,63-067 douglaston parkway
511,-73.9750877048,40.6153324616,1229 dahill road
512,-73.83670691,40.7119917795,45 markwood place
513,-73.7319054578,40.7465506593,241-051 oak park drive
514,-73.740339343,40.5996477348,544 meehan avenue
515,-73.8427729553,40.7100097599,264 75th road
516,-73.8491652341,40.8140069146,307 torry avenue
517,-73.8571713061,40.8093590737,1617 underhill avenue
518,-73.8362378078,40.7133998041,732 burns street
519,-73.7476703491,40.7460037754,68-017 cloverdale lane
520,-73.8407228156,40.7169553695,149 burns street
521,-73.8420190089,40.7132035531,166 greenway south
522,-73.8572281872,40.8095575835,1614 underhill avenue
523,-73.8570309939,40.8087338049,1623 underhill avenue
524,-73.91333495,40.5636371733,714 liberty lane
525,-73.9166067623,40.7772488447,157 23rd avenue
526,-73.7473459899,40.7460925924,68-005 cloverdale lane
527,-73.867497643,40.7034985102,47-062 81st street
528,-73.748337749,40.7459413728,68-035 cloverdale lane
529,-73.8768534815,40.7052827807,72-008 73rd place
530,-73.8427624951,40.7131734679,141 greenway south
531,-73.8361710927,40.7120870285,52 markwood place
532,-73.8913662909,40.5672737489,246 roxbury avenue
533,-73.8000602562,40.7826611418,163-057 willets point boulevard
534,-73.7502546325,40.7765788,231 manor road
535,-73.758343086,40.5961860897,287 watjean court
536,-73.7532176438,40.7774248812,17 beverly road
537,-73.8798089924,40.7050550682,2913 central avenue
538,-73.8433291372,40.7134350971,119 greenway south
539,-73.7503884887,40.7773635078,231 beverly road
540,-73.7492428354,40.7796320117,359 richmond road
541,-73.89961985,40.6955807275,1677 cypress avenue
542,-73.7393864098,40.7535655376,63-053 douglaston parkway
543,-73.8387073527,40.7139722099,49 76th road
544,-73.7486375458,40.7780054069,340 grosvenor street
545,-73.8570428963,40.8065459256,711 bronx river avenue
546,-73.8427816069,40.8398034999,135 westchester avenue
547,-73.7483660705,40.7721843252,139 prospect avenue
548,-73.7510812119,40.6557593999,231-001 148th avenue
549,-73.7042010618,40.7336280166,118 263rd street
550,-73.7495920424,40.7767621199,249 manor road
551,-73.8249479862,40.7916891245,3 north drive
552,-73.8436693742,40.7185482585,57 burns street
553,-73.7477368663,40.6001761688,1326 grandview terrace
554,-73.8400073899,40.7113810432,250 greenway south
555,-73.7463836626,40.7772844634,373 manor road
556,-73.7512408496,40.7793205617,301 richmond road
557,-73.7463777393,40.7762721472,364 hollywood avenue
558,-73.9085334131,40.7123171208,61-023 tonsor street
559,-73.7478983079,40.777746002,351 beverly road
560,-73.8847493614,40.7036071365,2768 central avenue
561,-73.8368824909,40.7139781402,704 burns street
562,-73.879590238,40.7050973994,2919 central avenue
563,-73.9644515082,40.579260032,11 brighton 3rd place
564,-73.9645909889,40.5797059512,6 brighton 3rd lane
565,-73.8559373862,40.8069371805,714 cornell avenue
566,-73.7469065387,40.7769156952,352 manor road
567,-73.7500641165,40.7794814279,335 richmond road
568,-73.8636287045,40.6798741083,97-42 drew street
569,-73.7488316206,40.7729677005,230 forest road
570,-73.8442874593,40.7185705134,14 greenway terrace
571,-73.8161594975,40.8401940582,3391-03 country club road
572,-73.7485791147,40.7769282331,311 manor road
573,-73.8300596447,40.7121374663,108 82nd avenue
574,-73.8487625063,40.8139639431,312 torry avenue
575,-73.8491392577,40.8139078976,305 torry avenue
576,-73.8660880337,40.6828845461,323 eldert lane
577,-73.7499517827,40.7742899935,212 park lane
578,-73.7503474093,40.7812543242,328 bayview avenue
579,-74.1257402079,40.6195168573,57 south greenleaf avenue
580,-74.1036568038,40.6264742788,20 birch avenue
581,-73.8511480926,40.8375371922,1551 glebe avenue
582,-74.1121483667,40.6400674331,127 bement court
583,-74.1117834558,40.6401081588,115 bement court
584,-74.085140506,40.6245649731,622 van duzer street
585,-74.0851658602,40.6240930095,640 van duzer street
586,-74.0741898909,40.6264262215,144 front street
587,-74.1272167178,40.5828027304,120 sloane avenue
588,-74.1039600687,40.5932115208,2 romer road
589,-74.1139716473,40.5958195921,18 cliffwood avenue
590,-74.1518942557,40.6152209357,460-02 caswell avenue
591,-74.1518116841,40.6152082392,458-02 caswell avenue
592,-74.1520207684,40.6149664262,452-01 caswell avenue
593,-74.1519246652,40.6149421766,450-01 caswell avenue
594,-74.152290922,40.6146788821,403-02 willow road east
595,-74.1516315086,40.6148187015,446-01 caswell avenue
596,-74.1514333321,40.6149379501,440-01 caswell avenue
597,-74.1513288035,40.6150528121,436-01 caswell avenue
598,-74.1512821584,40.61511096,434-01 caswell avenue
599,-74.151331395,40.6146287688,430-02 caswell avenue
600,-74.1511997775,40.6146063671,428-01 caswell avenue
601,-74.1515510604,40.6139978721,423-01 willow road east
602,-74.151555059,40.6139812909,423-02 willow road east
603,-74.1514286036,40.6142962063,413-02 willow road east
604,-74.1517918493,40.6135555387,459-02 willow road east
605,-74.1516951072,40.6137709288,453-02 willow road east
606,-74.1516773761,40.6132722181,477-02 willow road east
607,-74.1518274644,40.6129540323,479-01 willow road east
608,-74.1515493119,40.6129064857,485-02 willow road east
609,-74.1513703346,40.6128567015,489-02 willow road east
610,-74.151191637,40.6128423151,491-01 willow road east
611,-74.151098251,40.6128337984,493-01 willow road east
612,-74.1508239591,40.6128148906,499-01 willow road east
613,-74.1510284434,40.6123029396,513-02 willow road east
614,-74.1509828783,40.6124830588,509-01 willow road east
615,-74.1509644635,40.6125515433,507-01 willow road east
616,-74.1511729707,40.6118183158,541-02 willow road east
617,-74.151090421,40.6120588006,535-01 willow road east
618,-74.1510713334,40.6121256709,533-01 willow road east
619,-74.151099928,40.61208841,533-02 willow road east
620,-74.1514432502,40.6122069968,527-01 willow road east
621,-74.1514935058,40.6122968633,523-01 willow road east
622,-74.1516637912,40.6126276987,519-01 willow road east
623,-74.1483233,40.5908820062,25 gina court
624,-74.1482446408,40.5908473904,27 gina court
625,-74.1484138613,40.5905634981,55 gina court
626,-74.1479938421,40.5903826523,52 gina court
627,-74.1479206236,40.5903504348,54 gina court
628,-74.1477710665,40.5902846196,58 gina court
629,-74.1476615515,40.5905606038,28 gina court
630,-74.1478101369,40.59062599,32 gina court
631,-74.1370000282,40.5779986505,281 london road
632,-74.1625174384,40.5941531296,2187 draper place
633,-74.1421380341,40.5634156189,258 corona avenue
634,-74.142575898,40.5636146645,274 corona avenue
635,-74.1424942271,40.5636810278,278 corona avenue
636,-74.1307598099,40.5559151975,175 thollen street
637,-74.1650803068,40.6004528699,50 amsterdam place
638,-74.1654034291,40.6004828402,55 amsterdam place
639,-74.0743515429,40.6018459245,40 vista place
640,-74.1466202576,40.5370078439,43 highland lane
641,-74.1968057537,40.5369144388,280 ellsworth avenue
642,-74.1640111257,40.5423041062,31 lyndale lane
643,-74.1729305522,40.5613525047,34 challenger drive
644,-74.1731467197,40.5613236737,28 challenger drive
645,-74.1795872329,40.5502130944,151 grantwood avenue
646,-74.2222013094,40.5355351193,98 robin court
647,-74.2223714037,40.536612316,48 robin court
648,-74.2222912663,40.5366376944,50 robin court
649,-74.154725519,40.5799556116,572 forest hill road
650,-74.0653314343,40.593272691,57 alex circle
651,-74.1653556214,40.5382903409,31 woods of arden road
652,-74.2023120214,40.5552134153,210 cody place
653,-74.2024640303,40.5551744692,204 cody place
654,-74.2025125471,40.5551620407,202 cody place
655,-74.2018652721,40.554025067,70 cody place
656,-74.2021826203,40.5539372933,52 cody place
657,-74.1385286161,40.5462174789,26 yacht club cove
658,-74.1388883714,40.546538181,34 yacht club cove
659,-74.1507711336,40.5491212365,26 nelson avenue
660,-74.1435269125,40.5550352766,268 timber ridge drive
661,-74.1434848178,40.5549859561,272 timber ridge drive
662,-74.1433812982,40.5549329722,278 timber ridge drive
663,-74.1026201204,40.5615825351,129 cedar grove court
664,-74.1019898043,40.5612786456,159 cedar grove court
665,-74.101622237,40.5611120793,177 cedar grove court
666,-74.1015613294,40.5610825272,179 cedar grove court
667,-74.1013786741,40.5609959893,189 cedar grove court
668,-74.1013186779,40.5609668891,191 cedar grove court
669,-74.1185040271,40.5542713731,527 merkel place
670,-74.1187400133,40.5541070095,521 merkel place
671,-74.1189596978,40.5543760777,519 merkel place
672,-74.183404539,40.5627414935,151 aspen knolls way
673,-74.1855938671,40.5640603282,34 amanda court
674,-74.1178987091,40.5544264,546 merkel place
675,-74.1957322061,40.6012418297,364 meredith avenue
676,-74.0683700012,40.6074895836,3 wadsworth terrace
677,-74.0871817924,40.5768932055,43 baden place
678,-73.8314727691,40.7121805115,120 81st avenue
679,-73.8420844055,40.7113360226,75-028 juno street
680,-73.8437864173,40.714023313,110 greenway south
681,-73.7535623911,40.774725078,102 shore road
682,-73.8438361417,40.7188021669,45 burns street
683,-73.7402370535,40.7534940707,63-067 douglaston parkway
684,-73.9175604673,40.7107813981,709 starr street
685,-73.7502641645,40.7794495455,331 richmond road
686,-73.7410604596,40.7542685345,62-073 douglaston parkway
687,-73.8355019527,40.7131886772,398 burns street
688,-73.8638080006,40.680657401,97-14 drew street
689,-73.8570685763,40.8066687104,710 bronx river avenue
690,-73.8024817626,40.7714826867,161-025 bayside lane
691,-73.9628719324,40.5799143347,14 brighton 5th place
692,-73.9589927832,40.5795007423,141 brighton 10th street
693,-73.7504028205,40.7763182009,216 manor road
694,-73.7484821867,40.7752176859,260 arleigh road
695,-73.8412481075,40.7156306265,53 greenway north
696,-73.840037039,40.7151460576,92 greenway north
697,-73.7500695469,40.7756829038,218 hollywood avenue
698,-73.9129764112,40.5634008878,779 liberty lane
699,-73.7514967533,40.7761325001,134 manor road
700,-73.8319057212,40.6564230102,100-008 church street
701,-73.8403317712,40.7159325083,20 beechknoll road
702,-73.802001028,40.7713719642,162-008 bayside lane
703,-73.8392433192,40.7112674016,78 rockrose place
704,-73.9590776997,40.576252373,150 oceana drive west
705,-73.917500264,40.7108359604,711 starr street
706,-73.7510520555,40.774075841,130 park lane
707,-73.8374708044,40.7123216556,19 markwood place
708,-73.9072726227,40.6591141301,214 thatford avenue
709,-73.7494606623,40.7753692241,237 arleigh road
710,-73.8632742742,40.6796477488,473 drew street
711,-73.8481461283,40.8140092065,319 howe avenue
712,-73.8425009462,40.6944824489,137 88th avenue
713,-73.8633968811,40.680169975,449 drew street
714,-73.7518325829,40.7796811486,104 knollwood avenue
715,-73.8461150248,40.7176985252,54 71st avenue
716,-73.8395133599,40.7165583625,194 burns street
717,-73.8279038168,40.790417582,29 9th avenue
718,-73.8687795021,40.8213989203,34 clason point lane
719,-73.9166070867,40.7767643686,164 23rd avenue
720,-73.9201476913,40.7265646767,56-007 48th street
721,-73.7298302842,40.6638055337,249-014 hook creek boulevard
722,-73.8977000686,40.7297616832,534-053 67th street
723,-73.8410649912,40.7170173141,24 ascan avenue
724,-73.8353260883,40.7130256127,404 burns street
725,-73.8265775607,40.7937747658,9 summit place
726,-73.8296431279,40.7905525107,35 141st street
727,-73.7475639844,40.7460329026,68-013 cloverdale lane
728,-73.7495999479,40.7802795812,355 knollwood avenue
729,-73.8405735986,40.7155971828,68 greenway north
730,-73.8479691794,40.7166605895,39 fleet street
731,-73.7399738201,40.5985736508,549 jarvis avenue
732,-73.9637507343,40.5801626067,27 brighton 4th walk
733,-73.8672026969,40.6616720929,182 old mill road
734,-73.7465404799,40.775203599,345 park lane
735,-73.7473005918,40.6021276507,3 hurley court
736,-73.8437892474,40.7186497913,51 burns street
737,-73.8999494432,40.7203059165,65 59th avenue
738,-73.9725199764,40.5939249422,98 village road south
739,-73.752520889,40.7794505073,27 richmond road
740,-73.9050439985,40.7020776128,5721 putnam avenue
741,-73.9121977508,40.7229980267,373 58th street
742,-73.9628805222,40.6346645293,31 newkirk plaza
743,-73.9628886226,40.6347053293,33 newkirk plaza
744,-73.7508606909,40.7744562239,141 park lane
745,-73.8020669718,40.7713409158,162-006 bayside lane
746,-73.8408653724,40.7120042218,215 greenway south
747,-73.8843870955,40.7039931761,2779 central avenue
748,-73.9875303224,40.5834837243,159 bay 52nd street
749,-73.7413017271,40.7534012773,63-083 douglaston parkway
750,-73.7407587494,40.7540453646,62-059 douglaston parkway
751,-73.8302949022,40.7106776354,115 82nd road
752,-73.879656776,40.7050808762,2917 central avenue
753,-73.7796884291,40.7360536757,192-045 71st crescent
754,-73.7474867164,40.6022621246,1 hurley court
755,-73.8377963516,40.7117299587,36 rockrose place
756,-74.1478477829,40.5903183808,56 gina court
757,-74.1424540077,40.5637137024,280 corona avenue
758,-74.1519759731,40.6149614909,452-02 caswell avenue
759,-74.1513034338,40.6150946911,434-02 caswell avenue
760,-74.1521024934,40.6135175788,467-02 willow road east
761,-74.1511844118,40.6117416753,543-02 willow road east
762,-74.1515123707,40.6123332197,523-02 willow road east
763,-74.1432725211,40.5548396674,288 timber ridge drive
764,-74.1821372211,40.5207904345,95 swaim avenue
765,-74.1845058353,40.5935126047,65 simmons loop
766,-74.1641988282,40.535222902,77 koch boulevard
767,-74.1385777949,40.5462611659,27 yacht club cove
768,-74.2017610477,40.5540538928,74 cody place
769,-74.1995685801,40.5536067976,99 lombard court
770,-73.7392153028,40.6564692362,258-048 147th road
771,-74.1824124432,40.5975884688,1 baron boulevard
772,-74.2383548325,40.5002885818,353 billop avenue
773,-74.2388520808,40.5002023467,367 billop avenue
774,-73.7476060586,40.7712813615,100 prospect avenue
775,-73.7478956332,40.7781533901,354 grosvenor street
776,-73.8127413243,40.7585443794,236 cherry avenue
777,-73.7498117044,40.778118621,315 grosvenor street
778,-73.9734309845,40.79389879,16 pomander walk
779,-73.8407183563,40.7139803792,85 75th road
780,-73.906124947,40.7006741992,5612 putnam avenue
781,-73.7483422598,40.7459401381,68-035 cloverdale lane
782,-73.8124097186,40.7583631539,241 cherry avenue
783,-73.8439970229,40.7133450206,191 ascan avenue
784,-73.8869918169,40.7031004433,2702 central avenue
785,-73.8381050265,40.7150961282,277 burns street
786,-73.8300198588,40.5808967066,7 curtis court
787,-73.7459126066,40.7746052805,344 ridge road
788,-73.8388426853,40.7114144478,62 rockrose place
789,-73.8402511765,40.7158726291,24 beechknoll road
790,-73.947361823,40.7655048163,20 river road
791,-73.9660389554,40.5795686322,33 brighton 2nd place
792,-73.9636161331,40.5802799858,35 brighton 4th walk
793,-73.9071244044,40.6440496684,9 rose street
794,-73.8257065389,40.7937171081,2 summit place
795,-73.9578407427,40.5817129406,59 ide court
796,-73.9156422761,40.7765070437,183 23rd avenue
797,-73.9215822913,40.5597780895,479 hillcrest walk
798,-73.7783779203,40.7406463109,196-005 65th crescent
799,-73.7539570724,40.7772765064,8 beverly road
800,-73.9084080292,40.7122433599,61-027 tonsor street
801,-73.8432615958,40.7185754345,71 burns street
802,-73.8574973101,40.8096822421,1512 underhill avenue
803,-73.7457161965,40.7743492188,21 oak lane
804,-73.8352419382,40.7129499839,408 burns street
805,-73.7529057034,40.7744447156,6 arleigh road
806,-73.8272514099,40.7936310209,93 malba drive
807,-73.8159379137,40.6071447234,801 west 8th road
808,-73.9091177044,40.7209607782,23-040 58th avenue
809,-73.8478859013,40.7181486567,95 tennis place
810,-73.8414352545,40.7135650119,42 summer street
811,-73.8252724274,40.7937369166,92 parsons boulevard
812,-73.8640777972,40.6817638764,95-18 drew street
813,-73.9315292908,40.6946462611,1068 malcolm x boulevard
814,-73.7478652142,40.7742497155,267 ridge road
815,-73.7519594106,40.781808326,1108 shore road
816,-73.7508042967,40.7797702116,320 knollwood avenue
817,-73.8291688911,40.7104201713,111 82nd drive
818,-73.8413511963,40.7157451706,47 greenway north
819,-73.7486822377,40.7773094681,314 beverly road
820,-73.9089169328,40.7218498273,23-045 57th drive
821,-73.7496386052,40.7757281832,234 hollywood avenue
822,-73.7397628464,40.7535441451,63-059 douglaston parkway
823,-73.8556133818,40.8591857627,2233 esplanade
824,-73.8416257217,40.7138418905,37 summer street
825,-73.8651506245,40.6822070563,50 forbell street
826,-73.8407980441,40.7147309318,62 seasongood road
827,-73.8877789605,40.7028974848,2678 central avenue
828,-73.8637736593,40.6805248601,97-18 drew street
829,-73.9731235454,40.5939766861,110 village road south
830,-73.8002419154,40.7825530116,163-051 willets point boulevard
831,-73.8640909123,40.6818177921,95-16 drew street
832,-73.8018931932,40.7716848354,162-023 bayside lane
833,-73.8394242373,40.7155953245,56 beechknoll road
834,-73.7496646569,40.7739429398,217 ridge road
835,-73.839476432,40.7111996133,86 rockrose place
836,-73.8379662205,40.7149718915,281 burns street
837,-73.8623089179,40.6782458121,105-28 ruby street
838,-73.8377920851,40.715264655,280 burns street
839,-73.9102639824,40.6241791,10 royce place
840,-73.8391317039,40.7133836111,167 greenway north
841,-73.8692070318,40.8214599536,48 clason point lane
842,-73.8461792051,40.7184196149,55 71st avenue
843,-73.8476297906,40.8134501516,310 howe avenue
844,-73.863535884,40.6806733677,427 drew street
845,-73.84088499,40.7165241572,23 borage place
846,-73.7460373222,40.7737189695,335 forest road
847,-73.7533508358,40.7785839196,10 warwick avenue
848,-73.8640512612,40.6816548225,95-22 drew street
849,-73.7486773908,40.7715997086,14 hillcrest avenue
850,-73.9062819513,40.7086698175,578 grandview avenue
851,-74.1523750167,40.6147029304,401-02 willow road east
852,-74.1520938251,40.6141590411,435-02 willow road east
853,-74.1522752854,40.6143017176,437-02 willow road east
854,-74.1511250594,40.6119955577,537-01 willow road east
855,-74.1123867874,40.6400419533,135 bement court
856,-73.8428956056,40.837092138,2498 rowe street
857,-74.1649064295,40.6001571969,52 amsterdam place
858,-74.1386453132,40.5463546062,29 yacht club cove
859,-74.1699888523,40.6084782047,501 graham avenue
860,-73.8674439541,40.7045054269,47-025 81st street
861,-73.7404802337,40.5995477083,550 meehan avenue
862,-74.2027345365,40.5551428119,192 cody place
863,-74.2021271982,40.5539526202,60 cody place
864,-74.1999022492,40.5539902302,115 lombard court
865,-74.1432683534,40.5546897169,302 timber ridge drive
866,-73.8354324429,40.7106735402,80-030 park lane south
867,-73.8517397129,40.7081859357,104 walnut street
868,-73.8474583017,40.7155171904,140 71st avenue
869,-73.8401692573,40.7158117667,26 beechknoll road
870,-73.7536548523,40.7757238612,10 manor road
871,-73.9082834127,40.712170048,61-031 tonsor street
872,-73.8917363251,40.5674675507,240 roxbury avenue
873,-73.7431146315,40.7618009122,1 carolina road
874,-73.7461884892,40.6023909283,9-001 garden court
875,-73.7537472957,40.7776170416,7 beverly road
876,-73.8404415176,40.7150376666,93 greenway north
877,-73.9733604808,40.7939962335,18 pomander walk
878,-73.8366079818,40.7136986335,718 burns street
879,-74.0053054604,40.6556268935,138 35th street
880,-73.863640499,40.6799256412,97-40 drew street
881,-73.9590386964,40.5794382652,143 brighton 10th street
882,-73.8562641702,40.8062432123,618 bronx river avenue
883,-73.965554478,40.5797358216,55 brighton 2nd path
884,-73.8274470093,40.7926973025,79 malba drive
885,-73.9152178968,40.7762085636,199 23rd avenue
886,-73.8422716662,40.7117654653,205 75th road
887,-73.7531256985,40.7764355249,44 westmoreland place
888,-73.912990453,40.5633159712,778 liberty lane
889,-73.8004769004,40.782547433,163-043 willets point boulevard
890,-73.8953049577,40.8695697488,10 parkview terrace
891,-73.7439378034,40.6582165007,240-028 146th avenue
892,-73.7413821108,40.5981263117,631 jarvis avenue
893,-73.7485328158,40.7762552603,303 hollywood avenue
894,-73.7405243683,40.5984544618,605 jarvis avenue
895,-73.8477234645,40.7176813858,70 exeter street
896,-73.7463839162,40.7765858064,361 hollywood avenue
897,-73.8390867101,40.71626374,210 burns street
898,-73.7411683149,40.7534128488,63-081 douglaston parkway
899,-73.9657169961,40.5792938762,60 brighton 2nd lane
900,-73.8799788161,40.7050117062,2909 central avenue
901,-73.8468035407,40.7174409037,75 71st avenue
902,-73.8409276961,40.7126940622,134 75th road
903,-73.8335857643,40.7089841235,116 audley street
904,-73.8447651548,40.718241334,15 greenway terrace
905,-73.7459631604,40.7751799279,350 park lane
906,-73.9450198974,40.8049020433,18 mt morris park west
907,-73.9064485315,40.7088566107,568 grandview avenue
908,-73.837656242,40.7151553294,286 burns street
909,-73.7319300407,40.7465711612,241-037 oak park drive
910,-73.9733264629,40.7940432846,19 pomander walk
911,-73.847619769,40.8134082852,308 howe avenue
912,-73.7785739402,40.7171636573,185-044 chelsea street
913,-73.7399443015,40.5998807278,530 meehan avenue
914,-73.9069649213,40.6438317934,17 rose street
915,-73.9062354409,40.7086429615,578 grandview avenue
916,-73.738642822,40.6003531291,335 meehan avenue
917,-73.7481152473,40.7715717675,115 prospect avenue
918,-73.8312065158,40.6906053904,1022 114th street
919,-73.8355980662,40.7085056404,132 audley street
920,-73.8644610734,40.6821532807,7414 95th avenue
921,-73.8382403007,40.7152082209,271 burns street
922,-73.753566259,40.7796340441,1 richmond road
923,-73.8326345762,40.656594696,22 bayview avenue
924,-73.7508416125,40.7726780628,29 cedar lane
925,-73.7492480481,40.7731948825,217 forest road
926,-73.9236735163,40.5872112607,1538 seba avenue
927,-73.8383273254,40.7152803351,267 burns street
928,-73.8383125399,40.7121756967,216 greenway north
929,-73.7471363042,40.6020160451,5 hurley court
930,-73.8372190134,40.7142536301,307 burns street
931,-73.8508967857,40.8366650673,1501 glebe avenue
932,-73.8296920606,40.7906681978,33 141st street
933,-74.003240152,40.5759167827,34 west 37th street
934,-73.90636087,40.7085948469,578 grandview avenue
935,-73.7468035624,40.7754805517,334 arleigh road
936,-73.7487593131,40.7751849161,250 arleigh road
937,-73.7543380357,40.777322517,412 shore road
938,-73.8408282976,40.7113393941,103-035 norden road
939,-73.9874042127,40.583465687,157 bay 52nd street
940,-73.7510646936,40.7779639201,211 grosvenor street
941,-73.8471829185,40.7183674566,65 tennis place
942,-74.0031987048,40.5756987911,26 west 37th street
943,-73.8375232571,40.7145245341,2 76th road
944,-73.8360286586,40.7081752234,138 audley street
945,-73.8640117163,40.6814922917,95-28 drew street
946,-73.746092539,40.7742975867,11 oak lane
947,-73.829717467,40.7100345955,119 82nd drive
948,-73.8123771523,40.759124379,141 beech avenue
949,-73.9660904442,40.5793671586,31 brighton 2nd place
950,-73.9074112584,40.6439950506,8 rose street
951,-73.7592794251,40.5969228166,312 camp road
952,-73.8641039207,40.6818712416,95-14 drew street
953,-73.7512969893,40.7744146515,125 park lane
954,-73.829390969,40.7120988893,22 kew gardens road
955,-73.841662062,40.7130280351,170 greenway south
956,-73.8516673872,40.7082083375,102 walnut street
957,-73.9636603513,40.5797184795,7 brighton 4th place
958,-73.8571619112,40.8070256769,910 cornell avenue
959,-73.7500706709,40.7812764454,338 bayview avenue
960,-74.1147693616,40.5962911838,28 cliffwood avenue
961,-73.9582220086,40.5819193753,51 holt court
962,-73.9637945857,40.5797202012,14 brighton 4th place
963,-73.8400058292,40.7136352924,18 shorthill road
964,-74.2003300345,40.5369063477,853 lamont avenue
965,-74.1503851158,40.5952616249,46 executive way
966,-74.1488367833,40.6252923583,902 morningstar road
967,-74.1523656337,40.6143058315,439-02 willow road east
968,-74.1522682373,40.6139384541,447-02 willow road east
969,-74.1517868,40.6136526652,457-01 willow road east
970,-74.1517799026,40.613221826,475-01 willow road east
971,-74.1509410059,40.6126451063,503-02 willow road east
972,-74.1514220286,40.6121664687,527-02 willow road east
973,-74.2017095798,40.5540681256,78 cody place
974,-74.1848052141,40.56415095,29 amanda court
975,-74.1436325807,40.5550878423,262 timber ridge drive
976,-74.1434304422,40.5549515921,276 timber ridge drive
977,-74.0873090732,40.5768339665,47 baden place
978,-74.1505674749,40.5492755723,27 nelson avenue
979,-74.1655684617,40.5320918082,506 harold avenue
980,-74.0805045663,40.5799881429,127 quincy avenue
981,-73.7536234686,40.6601206181,144-068 227th street
982,-73.8436163043,40.7131335961,190 ascan avenue
983,-73.7521392672,40.7815850112,1102 shore road
984,-73.8378034509,40.7124756675,11 markwood place
985,-73.8130635719,40.5899497957,345 dormans court
986,-73.8298329002,40.7104127844,116 82nd drive
987,-73.836482498,40.7141338894,346 burns street
988,-73.7533287822,40.7754582778,7 hollywood avenue
989,-73.837323157,40.7148844514,300 burns street
990,-73.8372697155,40.7142995746,305 burns street
991,-73.7338167447,40.7458720562,239-060 oak park drive
992,-73.7407682417,40.7534498349,63-075 douglaston parkway
485,-73.8435599947,40.7140499514,155 ascan avenue
993,-73.7492512931,40.7751112838,236 arleigh road
994,-73.8388830017,40.7130260143,191 greenway north
995,-73.7486358115,40.7707176867,22 cherry street
996,-73.8689097646,40.821728935,40 clason point lane
997,-73.9655234738,40.5796115825,54 brighton 2nd path
998,-73.7448140406,40.7704814644,3 stuart lane
999,-73.8400124848,40.7156458919,32 beechknoll road
1000,-73.7821770976,40.7350237729,188-045 71st crescent
1001,-73.8835136701,40.7041707702,2801 central avenue
1002,-73.7509243764,40.77975898,316 knollwood avenue
1003,-73.8373701995,40.7143675374,301 burns street
1004,-73.8476303536,40.7173143452,35 exeter street
1005,-73.7388567755,40.6002218234,341 meehan avenue
1006,-73.8479766978,40.813296923,301 howe avenue
1007,-73.748367365,40.776261441,309 hollywood avenue
1008,-73.7584149064,40.5962490338,289 watjean court
1009,-73.8437171008,40.718602169,55 burns street
1010,-73.8427895815,40.7152699014,101 ascan avenue
1011,-73.7825946914,40.7480231652,196-003 weeks lane
1012,-73.8365279435,40.7141749675,342 burns street
2952,-73.800526133,40.7822534866,163-031 willets point boulevard
2953,-73.8355071221,40.7127751938,2 upshaw road
2954,-73.8642717848,40.6822066648,7418 95th avenue
2955,-73.7536531586,40.7750155363,108 shore road
2956,-73.9119542498,40.6238145139,7149 peri lane
2957,-73.7497994833,40.7778444568,302 grosvenor street
2958,-73.7509982891,40.7793281717,309 richmond road
2959,-73.751258592,40.7721485167,12 west drive
2960,-73.8636974879,40.6802155374,97-28 drew street
2961,-73.8991418493,40.7204119875,46 59th avenue
2962,-73.7503157988,40.7777240413,230 grosvenor street
2963,-73.748993818,40.7789705234,351 warwick avenue
2964,-73.857374048,40.8102417647,1604 underhill avenue
2965,-73.7516549993,40.7750277946,121 arleigh road
2966,-73.7465020727,40.7713950765,311 cherry street
2967,-73.8421297247,40.711990952,191 75th road
2968,-73.8288367879,40.7900453069,39 9th avenue
2969,-73.8852907793,40.7037535777,2753 central avenue
2970,-73.7484653511,40.7704101399,18 cherry street
2971,-73.9575227493,40.5819852039,62 brighton 10th street
2972,-73.7488753957,40.7705335017,18 cherry street
2973,-73.8421815974,40.7119085512,197 75th road
2974,-73.8393015634,40.7164121092,202 burns street
2975,-73.8279537057,40.7913532833,25 north drive
2976,-73.8423540479,40.7159602539,75 ascan avenue
2977,-74.1514083707,40.6143712142,411-02 willow road east
2978,-74.1519993131,40.6141193029,433-01 willow road east
2979,-74.1514824099,40.6128918476,487-01 willow road east
2982,-74.2222955276,40.5355297651,96 robin court
2983,-74.1854012135,40.5639566537,44 amanda court
2984,-73.8466637169,40.7193938497,16 tennis place
2985,-73.8839123422,40.7041058596,2791 central avenue
2986,-73.7494260531,40.7774852883,303 beverly road
2980,-74.134569609,40.5717936422,1 ardsley street
2987,-73.8392874468,40.7150263316,30 75th road
2988,-73.7457093989,40.7701505918,109 depew avenue
2981,-74.222153996,40.5355389445,98 robin court
2989,-73.8840681862,40.7040696693,2787 central avenue
2990,-73.8122578443,40.7591369608,145 beech avenue
2991,-73.7473014027,40.7690278653,33 240th street
2992,-73.8381299611,40.7125613851,9 markwood place
2993,-73.7456122663,40.7736872634,345 forest road
2994,-73.8481723479,40.7179529467,99 tennis place
2995,-73.7502880019,40.7721719056,2 cedar lane
2996,-73.8616325905,40.6757150816,107-26 ruby street
2997,-73.7529118506,40.779531898,7 richmond road
2998,-73.8370776188,40.7146600402,314 burns street
2999,-73.8573942123,40.8094987812,1515 underhill avenue
3000,-73.8660992918,40.6829340683,321 eldert lane
3001,-73.8652050392,40.6824261702,40 forbell street
3002,-73.7482187056,40.7459739746,68-033 cloverdale lane
3003,-73.8404623604,40.7171536311,156 burns street
3004,-73.8391900564,40.7159448043,215 burns street
3005,-73.8127869408,40.7592894501,124 beech avenue
3006,-73.961432702,40.5810280463,28 brighton 7th court
3007,-73.9068664983,40.6591768413,224 thatford avenue
3008,-73.856812905,40.8067020074,812 underhill avenue
3009,-73.7463506747,40.7752847081,351 park lane
3010,-73.8416920211,40.7170152927,33 ascan avenue
3011,-73.7407821972,40.7540626874,62-061 douglaston parkway
3012,-73.7463428335,40.7721686469,15 38th drive
3013,-73.8399318371,40.7144935333,115 greenway north
3014,-73.8635675752,40.6796070263,97-54 drew street
3015,-73.7445614816,40.6579990254,240-008 146th avenue
3016,-73.7389729131,40.753604857,63-047 douglaston parkway
3017,-73.84678871,40.7154102796,63 groton street
3018,-73.8275729251,40.7914646913,75 malba drive
3019,-73.7452984344,40.7718125638,42 38th drive
3020,-73.9184118848,40.7780312422,114 23rd avenue
3021,-73.8688380371,40.8213353737,32 clason point lane
3022,-73.8563754693,40.8076536223,1021 g street
3023,-73.8573215292,40.8099741657,1608 underhill avenue
3024,-73.8366483001,40.7123839702,40 markwood place
3025,-73.7514684151,40.7800100994,303 knollwood avenue
3026,-73.750828391,40.7779977554,217 grosvenor street
3027,-73.8849436433,40.7038359612,2763 central avenue
3028,-73.8396554554,40.7121635438,35 wendover road
3029,-73.7482642354,40.7733914165,243 forest road
3030,-73.7412400902,40.6876291345,120-082 121st avenue
3031,-73.9175047263,40.7778830177,129 23rd avenue
3032,-73.8444569658,40.7158311356,14 72nd avenue
3033,-73.8271704862,40.7940214288,99 malba drive
3034,-73.9662771455,40.5772952681,65 brighton 1st place
3035,-73.7404928387,40.7534672925,63-071 douglaston parkway
3036,-73.840890613,40.7154090142,63 greenway north
3037,-73.8389765285,40.7161866243,216 burns street
3038,-73.881837262,40.704306073,2852 central avenue
3039,-73.8130673723,40.5899495747,345 dormans court
3040,-73.739382223,40.7535659009,63-053 douglaston parkway
3041,-73.8390178073,40.7151973122,66 beechknoll road
3042,-73.8294639103,40.8428505553,2994 merry avenue
3043,-73.8350709251,40.7127962868,416 burns street
3044,-73.826163049,40.7918592158,13 north drive
3045,-73.8349029222,40.7617017918,133-016 king road
3046,-73.7508671784,40.780766231,315 kenmore road
3047,-73.8416848962,40.7119172277,170 75th road
3048,-73.8397764841,40.7109826369,260 greenway south
3049,-73.962892633,40.634725529,34 newkirk plaza
3050,-73.9591617048,40.5796680291,150 brighton 10th street
3051,-73.8875072283,40.7029568732,2684 central avenue
3052,-73.9067937147,40.7093098915,551 grandview avenue
3053,-73.9121704982,40.7225211324,353 58th street
3054,-73.8418966149,40.7116310518,188 75th road
3055,-73.8382571535,40.7156347152,262 burns street
3056,-73.9883390513,40.5828613967,174 bay 53rd street
3058,-73.8436267859,40.7185323107,59 burns street
3059,-73.8431887285,40.7125217958,25 ingram street
3060,-73.8428798448,40.7106149821,247 75th road
3061,-73.7375556,40.7697076106,5 cornell lane
3062,-73.9182536583,40.7779189592,120 23rd avenue
3063,-73.8390624962,40.7148277864,83 beechknoll road
3064,-73.9244805011,40.6379430776,32 preston court
3065,-73.842695979,40.7145912419,134 ascan avenue
3066,-73.7498079998,40.5987078259,14 ostend place
3067,-73.8312006145,40.6551151288,41 russell street
3068,-73.8273184562,40.793145423,85 malba drive
3069,-73.751151033,40.7768978473,210 beverly road
3070,-73.9750726952,40.6670090944,94 prospect park west
3071,-73.9628116209,40.6344650586,24 newkirk plaza
3072,-73.8888179963,40.5663867062,81 church avenue
3073,-73.8126114687,40.7593376008,128 beech avenue
3074,-73.8979516059,40.7205665693,27 59th avenue
3075,-73.908328874,40.8292992957,15 gouverneur place
3076,-73.8478495207,40.8143875732,56 howe avenue
3077,-74.1046069262,40.6264436745,10 birch avenue
3078,-73.881744449,40.7043182397,2854 central avenue
3079,-74.1206544709,40.5784164186,227 walden avenue
3080,-74.1387342496,40.5464336121,31 yacht club cove
3081,-74.2023612853,40.5552007962,208 cody place
3082,-74.2021015551,40.5546306431,152 cody place
3083,-74.1996190906,40.5536599647,101 lombard court
3084,-74.1844376252,40.5935695322,69 simmons loop
3085,-74.207606565,40.5453086251,424 alverson avenue
3086,-73.7510346909,40.7811145056,310 bayview avenue
3087,-73.8660544528,40.6827368446,329 eldert lane
3088,-73.8302642385,40.7899376806,18 point crescent
3089,-73.9161277781,40.7769139805,169 23rd avenue
3090,-73.9159666747,40.776800993,175 23rd avenue
3091,-73.8269891187,40.7952083351,110 malba drive
3092,-73.8125266742,40.7586246545,230 cherry avenue
3093,-73.7488739188,40.777978461,332 grosvenor street
3094,-73.7500428139,40.7805919226,344 kenmore road
3095,-73.7408894105,40.7541326532,62-065 douglaston parkway
3096,-73.7489851578,40.7737556762,232 ridge road
3097,-73.8262940629,40.7914574209,16 north drive
3098,-73.7464078087,40.7748288378,333 ridge road
3099,-73.9658995509,40.5801328254,39 brighton 2nd place
3100,-73.9660065702,40.577803173,3040 brighton 1st path
3101,-73.9870833027,40.582780439,131 bay 53rd street
3102,-73.9071195721,40.6585238757,173 thatford avenue
3103,-73.9388933096,40.58366834,12 webers court
3104,-73.7494277566,40.773982052,223 ridge road
3105,-73.8276385941,40.7905066377,27 9th avenue
3106,-73.9560093242,40.5840270197,11 columbia court
3107,-73.8287681487,40.7915594863,30 7th avenue
3108,-73.7526050483,40.7720081561,6 melrose lane
3109,-73.8383027861,40.7156724293,260 burns street
3110,-73.7492946645,40.7789424865,345 warwick avenue
3111,-73.8378817194,40.7153367896,276 burns street
3112,-73.9059436769,40.7008530979,5618 putnam avenue
3113,-73.8104985367,40.7588792235,269 cherry avenue
3114,-73.975096715,40.6153814032,1227 dahill road
3115,-73.9579901858,40.5819278167,55 ide court
3116,-73.8359077113,40.8933906714,46 nuvern avenue
3117,-73.7394762043,40.5998373217,515 meehan avenue
3118,-73.8676236304,40.7041142233,47-040 81st street
3119,-73.7509866026,40.7783585596,220 warwick avenue
3120,-73.8431642649,40.7146064703,125 ascan avenue
3121,-73.8805431149,40.7048932098,2891 central avenue
3122,-73.748913017,40.775861438,256 hollywood avenue
3123,-73.8450272948,40.7154633103,25 72nd avenue
3124,-73.8133613274,40.7581123286,209 cherry avenue
3125,-73.8414245826,40.7142708435,15 summer street
3126,-73.8419726587,40.716563134,47 ascan avenue
3127,-73.7775947695,40.7167590095,186-014 chelsea street
3128,-73.8294928126,40.7106029332,112 82nd drive
3129,-73.8282592279,40.7066708808,155 cuthbert road
3130,-73.7530222594,40.7754847152,17 hollywood avenue
3131,-73.7486361875,40.7755249562,259 arleigh road
3132,-73.8309732126,40.6907679848,1019 114th street
3133,-73.7520761744,40.7717748354,215 bay street
3134,-74.0045642066,40.6554547419,153 35th street
3135,-73.9109674562,40.6236284827,7181 peri lane
3136,-73.9662443847,40.5784039746,9 brighton 1st court
3137,-73.7565710126,40.6763654192,137-009 eastgate plaza
3138,-73.7461601208,40.7749195426,337 ridge road
3139,-73.7499027591,40.7784950641,318 warwick avenue
3140,-73.865662716,40.8507691682,2000 antin place
3141,-73.8291000718,40.6860467642,1024 114th street
3142,-73.8463628587,40.7152633228,77 groton street
3143,-73.8618188257,40.6761744436,107-12 ruby street
3144,-73.9110304024,40.6236388596,7179 peri lane
3145,-73.8445413302,40.7147200725,60 greenway south
3146,-73.8287908544,40.7119698946,49 kew gardens road
3147,-73.8476979822,40.7188526164,68 dartmouth street
3148,-73.750221727,40.7808987912,337 kenmore road
3149,-73.9195107088,40.7254108062,56-075 49th street
3150,-73.7497178898,40.5983054906,4 ostend place
3151,-73.7438884102,40.5980169126,2 jarvis avenue
3152,-73.7413038661,40.7540165548,62-077 douglaston parkway
3153,-73.8821055205,40.8295329092,1236 bronx river avenue
3154,-73.8373654847,40.7149231378,298 burns street
3155,-73.7483541604,40.7773670517,324 beverly road
3156,-73.8423095172,40.7162553738,11 greenway north
3157,-73.8359455328,40.7124991475,16 upshaw road
3158,-73.8398321354,40.7167757159,182 burns street
3159,-73.9732233645,40.7941858418,22 pomander walk
3160,-73.8476522427,40.8135433493,66 howe avenue
3161,-73.8995141888,40.7203638125,53 59th avenue
3162,-73.8292250852,40.7113461795,101 82nd road
3163,-73.750522338,40.7759135935,215 hollywood avenue
3164,-73.83041259,40.712868211,106 81st avenue
3165,-73.9876652595,40.5832953906,163 bay 52nd street
3166,-73.8107527777,40.7590876491,266 cherry avenue
3167,-73.8558325853,40.8086990512,3 dune court
3168,-73.8261122344,40.7909088999,19 9th avenue
3169,-73.8291568514,40.7905662013,39 north drive
3170,-73.8470193643,40.7155141474,49 groton street
3171,-73.740635116,40.75346139,63-073 douglaston parkway
3172,-73.8425592802,40.6944656494,135 88th avenue
3173,-73.8446885994,40.7179405969,31 greenway terrace
3174,-73.9166602335,40.7768018557,162 23rd avenue
3175,-73.8812811526,40.7044255317,2868 central avenue
3176,-73.842106899,40.7124505292,60 ingram street
3177,-73.8317512354,40.7090292481,101 audley street
3178,-73.7498061227,40.7792313201,342 richmond road
3179,-74.0909665021,40.6144747614,12 campus road
3180,-74.0929637462,40.6152067495,15 campus road
3181,-73.8970655777,40.6339864282,11 schenck place
3182,-74.1517156396,40.6151922254,456-02 caswell avenue
3183,-74.1521220885,40.6146296986,407-02 willow road east
3184,-74.1515612354,40.614861664,444-01 caswell avenue
3185,-74.1515778801,40.614847026,444-02 caswell avenue
3186,-74.1514492358,40.6142346556,415-02 willow road east
3187,-74.1524153179,40.6140950113,443-01 willow road east
3188,-74.1516852646,40.6129317341,481-02 willow road east
3189,-74.150951289,40.6128223408,495-02 willow road east
3190,-74.1510001099,40.6124174904,511-01 willow road east
3191,-74.1055185566,40.6242124277,82 whitewood avenue
3192,-74.1994098456,40.5144694551,23 broken shell road
3193,-74.1379551257,40.5710015926,35 kensico street
3194,-74.2220858308,40.5355421033,100 robin court
3195,-74.1388427481,40.5464976497,33 yacht club cove
3196,-74.1653916269,40.5345010919,6 koch boulevard
3197,-73.828484213,40.653577505,65 davenport court
3198,-73.7412490858,40.6883686292,222-005 francis lewis boulevard
3199,-73.8378765283,40.7148975632,285 burns street
3200,-73.7416068289,40.5980801904,637 jarvis avenue
3201,-73.838087831,40.7135361635,53 underwood road
3202,-74.1598083384,40.5403908706,281 sycamore street
3203,-73.8272445977,40.7056128123,52 124th place
3204,-74.1181614311,40.5541186014,528 merkel place
3205,-73.8379689359,40.7154069813,272 burns street
3206,-73.7490463674,40.7792604107,347 marinette street
3207,-73.7484658116,40.7459063054,68-037 cloverdale lane
3208,-73.8912887,40.7023441341,2585 central avenue
3209,-73.7392466655,40.753577661,63-051 douglaston parkway
3210,-73.924960419,40.6380178237,21 preston court
3211,-73.8328534376,40.7087954511,109 audley street
3212,-73.8556996067,40.8087164066,1 dune court
3213,-73.8378395153,40.7153028262,278 burns street
3214,-73.7524235939,40.7783927143,110 warwick avenue
3215,-73.9956944579,40.731522597,54 washington mews
3216,-73.747068525,40.601954668,5 hurley court
3217,-73.7513446616,40.7757724299,137 hollywood avenue
3218,-73.8889155822,40.5663717756,80 church avenue
3219,-73.9252571055,40.6375920808,8 preston court
3220,-73.8293338579,40.7057448036,273 brevoort street
3221,-73.9051074323,40.7019949718,5719 putnam avenue
3222,-73.8444842708,40.7169963345,73 greenway terrace
3223,-73.7404865628,40.5987356129,602 jarvis avenue
3224,-73.7464142067,40.6026158969,9-020 garden court
3225,-73.7478257492,40.6002616944,1330 grandview terrace
3226,-73.7486649778,40.7744959062,246 park lane
3227,-73.9357962262,40.5834357918,9 shale street
3228,-73.7295976405,40.6631252296,250-014 hook creek boulevard
3229,-73.7771510092,40.7168864315,186-021 chelsea street
3230,-73.7478605479,40.777044095,335 manor road
3231,-73.9071984691,40.709301365,516 grandview avenue
3232,-73.7409431057,40.5985516972,618 jarvis avenue
3233,-73.7504938204,40.7777118851,228 grosvenor street
3234,-73.7490540662,40.7779583578,320 grosvenor street
3235,-73.9094710461,40.7106543864,446 grandview avenue
3057,-73.8570061308,40.8085370726,1626 underhill avenue
3236,-73.9250717079,40.6379473048,17 preston court
3239,-73.7457053673,40.7722241717,37 38th drive
3240,-73.8415128398,40.7121607043,154 75th road
3241,-73.8575981287,40.8100759221,1506 underhill avenue
3242,-73.8418950212,40.6946340002,153 88th avenue
3243,-73.7499437985,40.6031643019,14 scott a gadell place
3244,-73.7410691481,40.6875744636,120-086 121st avenue
3245,-73.7498509278,40.7757233569,222 hollywood avenue
3237,-73.9958532755,40.7315894744,58 washington mews
3238,-73.879506452,40.6817068446,3131 arlington avenue
3247,-73.7516739433,40.7821001118,1114 shore road
3248,-73.8479624042,40.7158505286,35 groton street
3246,-73.8406428718,40.7122977829,210 greenway south
3249,-73.9098976773,40.7208000679,23-030 58th avenue
3250,-73.7404969475,40.7534669355,63-071 douglaston parkway
3251,-73.8557535097,40.8083709114,8 banes court
3252,-73.9116816184,40.8800623787,1 riverdale avenue
3253,-73.8476628279,40.8135852155,65 howe avenue
3254,-73.7410375946,40.7542516401,62-071 douglaston parkway
3255,-73.8388839386,40.716122685,220 burns street
3256,-73.8801421988,40.7049724019,2903 central avenue
3257,-73.7505952778,40.7762837116,214 manor road
3258,-73.9215652933,40.7218265277,56-035 48th street
3259,-73.7469429886,40.7728331233,301 38th road
3260,-73.8437263408,40.7127597273,11 ingram street
3261,-73.7466237337,40.7765446752,355 hollywood avenue
3262,-73.9285411489,40.7291734824,34-052 laurel hill boulevard
3263,-73.8642031949,40.682216336,7420 95th avenue
3264,-73.835757369,40.7134183357,386 burns street
3265,-73.8243027591,40.7908974434,1 9th avenue
3266,-73.9156956372,40.7765445764,181 23rd avenue
3267,-73.8639076438,40.8521891244,2070 antin place
3268,-73.7504781621,40.7805450302,330 kenmore road
3269,-73.8844511904,40.7039786383,2777 central avenue
3270,-73.739751838,40.6000122889,526 meehan avenue
3271,-73.749609324,40.7771605417,252 beverly road
3272,-73.8249106007,40.7873643882,7 hill court
3273,-73.8383435851,40.7157061544,258 burns street
3274,-73.8370728168,40.7175748457,11 75th road
3275,-73.7405898201,40.5983791025,607 jarvis avenue
3276,-73.8392635346,40.7143580756,132 greenway north
3277,-73.8400947428,40.7157070026,30 beechknoll road
3278,-73.8455543086,40.7172951795,37 bow street
3279,-73.8294721108,40.7899993164,43 141st street
3280,-73.9628681887,40.6346024096,28 newkirk plaza
3281,-73.8313121306,40.7122599678,118 81st avenue
3282,-73.9641757307,40.5801601862,31 brighton 4th walk
3283,-73.7485443402,40.7733139011,237 forest road
3284,-73.842560714,40.7147416897,122 ascan avenue
3285,-73.8106130652,40.7591228701,270 cherry avenue
3286,-73.8363938572,40.7118168474,49 markwood place
3287,-73.7473548159,40.7778274099,363 beverly road
3288,-73.7507695874,40.7723720579,17 cedar lane
3289,-73.8347139449,40.7087075838,124 audley street
3290,-73.8654458799,40.6819132492,7314 95th avenue
3291,-73.8633117596,40.67979805,467 drew street
3292,-73.7516559315,40.7743241572,115 park lane
3293,-73.8411016168,40.6950121961,179 88th avenue
3294,-74.0822204219,40.6420775321,85 ft hill circle
3295,-74.1538408973,40.634374063,20 beamer court
3296,-74.152312641,40.614681956,403-01 willow road east
3297,-74.1522084972,40.6146551428,405-02 willow road east
3298,-74.1514012141,40.6143944688,411-01 willow road east
3299,-74.1518287343,40.6132261104,473-02 willow road east
3300,-74.1516486355,40.612929792,483-01 willow road east
3301,-74.0851721178,40.6242167317,636 van duzer street
3302,-74.1299267029,40.6003445958,291 wellbrook avenue
3303,-74.2020491761,40.554644787,154 cody place
3304,-74.2020709921,40.5539681652,62 cody place
3305,-74.1431956118,40.5547854874,294 timber ridge drive
3306,-74.1432211344,40.5548034709,292 timber ridge drive
3307,-74.1431024637,40.5547609496,298 timber ridge drive
3308,-74.22223715,40.5355335902,96 robin court
3309,-74.144991485,40.5532797493,34 stern court
3310,-73.7300870243,40.6647025118,248-010 hook creek boulevard
3311,-73.8290519681,40.710493249,109 82nd drive
3312,-73.9068134061,40.7090733494,556 grandview avenue
3313,-73.7512097028,40.7783754902,202 warwick avenue
3314,-73.7459524151,40.7711543799,324 cherry street
3315,-73.7510225092,40.7762339987,200 manor road
3316,-73.839247536,40.7163748015,204 burns street
3317,-73.7519064417,40.7776261496,122 grosvenor street
3318,-73.8800461374,40.7047470518,2904 central avenue
3319,-73.7502952719,40.7721899264,2 38th road
3320,-73.8470653764,40.7867413119,11 beech court circle
3321,-73.8429930913,40.7141033953,150 ascan avenue
3322,-73.8301440861,40.7116844051,109 82nd avenue
3323,-73.8392749066,40.7118243385,46 wendover road
3324,-73.8389309696,40.7161551616,218 burns street
3325,-73.8635101254,40.6794854468,97-58 drew street
3326,-74.0043848552,40.6550855066,168 35th street
3327,-73.9184636035,40.7780679446,112 23rd avenue
3328,-73.905410462,40.7082485292,602 grandview avenue
3329,-73.7522069406,40.7787023897,101 warwick avenue
3330,-73.7788597201,40.7172371086,185-036 chelsea street
3331,-73.7848685958,40.8380244714,1 rochelle street
3332,-73.9629199088,40.63496515,39 newkirk plaza
3333,-73.8482329139,40.8143647028,329 howe avenue
3334,-73.857290403,40.8088619701,1521 underhill avenue
3335,-73.9645439861,40.5794851723,8 brighton 3rd place
3336,-73.9284324409,40.5863823866,2 plumb 3rd street
3337,-73.9662670223,40.5783994391,9 brighton 1st court
3338,-73.7462927932,40.7758961963,357 arleigh road
3339,-73.8686548217,40.8215342748,38 clason point lane
3340,-73.8300280671,40.6577669129,4 102nd street
3341,-73.9198236651,40.5606391339,115 rockaway point boulevard
3342,-73.8916816863,40.5673204982,250 roxbury avenue
3343,-73.9132349402,40.5634862629,728 liberty lane
3344,-73.8400672389,40.7169152318,170 burns street
3345,-73.9565979205,40.5776365838,3101 brighton 14th street
3346,-73.8298656564,40.8721056401,100 alcott place
3347,-73.830146817,40.7116825931,109 82nd avenue
3348,-73.8385273946,40.7147848084,92 beechknoll road
3349,-73.7463621494,40.771803598,18 38th drive
3350,-73.7514234156,40.77243771,24 ardsley road
3351,-73.8860217496,40.7033276835,2726 central avenue
3352,-73.828418562,40.7068188084,153 cuthbert road
3353,-73.8849090185,40.7035678106,2762 central avenue
3354,-73.8371621802,40.7141387296,3 underwood road
3355,-73.8484689172,40.7160518624,15 groton street
3356,-73.7506411613,40.77731594,225 beverly road
3357,-73.746259366,40.7742437756,7 oak lane
3358,-73.801816066,40.7714590467,162-014 bayside lane
3359,-73.7465863918,40.7772616104,369 manor road
3360,-73.8397429038,40.7142740554,123 greenway north
3361,-73.7507318568,40.7755733128,200 hollywood avenue
3362,-73.7479071031,40.7721251655,134 prospect avenue
3363,-73.8452152801,40.7179944096,5 archway place
3364,-73.825110023,40.7872989057,6 hill court
3365,-73.8396468348,40.7147669984,108 greenway north
3366,-73.8361805916,40.7133481019,734 burns street
3367,-73.7480124618,40.7459945379,68-029 cloverdale lane
3368,-73.7461557498,40.7756273011,350 arleigh road
3369,-73.8569162989,40.8080513344,1633 underhill avenue
3370,-73.93872581,40.5835273151,15 webers court
3371,-73.8407879429,40.7166935602,27 borage place
3372,-73.7493811377,40.7736665833,220 ridge road
3373,-73.8633354417,40.6799015238,461 drew street
3374,-73.8380598177,40.7114786127,244 greenway north
3377,-73.7482563062,40.7459622136,68-033 cloverdale lane
3378,-73.8574706487,40.8096284714,1513 underhill avenue
3375,-73.8466453305,40.7167870483,86 71st avenue
3376,-73.8157945592,40.7471526137,50-020 colden street
3379,-73.8640256463,40.6815495542,95-26 drew street
3380,-73.9354830024,40.5836302223,23 bogardus street
3381,-73.9659671211,40.5798952502,36 brighton 2nd place
3382,-73.829362812,40.7116603604,102 82nd road
3383,-73.744179528,40.5980472867,1 jarvis avenue
3384,-73.9284324592,40.586365258,3 plumb 3rd street
3385,-73.8129388739,40.5900781892,355 dormans court
3386,-73.835729831,40.712983071,810 burns street
3387,-73.8521717489,40.708277186,110 walnut street
3388,-73.8428063236,40.7127846559,36 ingram street
3389,-73.8688991414,40.8212690378,30 clason point lane
3390,-73.7378615866,40.7697012691,8 cornell lane
3391,-73.8304031664,40.7119425871,112 82nd avenue
3392,-73.8384678649,40.7138583357,50 76th road
3393,-73.9818582114,40.6427612733,110 story street
3394,-73.8572002191,40.8083922406,1528 underhill avenue
3395,-73.8460058292,40.7154835496,80 groton street
3396,-73.8407615401,40.7161879944,8 borage place
3397,-73.7475844003,40.7770909355,341 manor road
3398,-73.9184641679,40.7785587474,210 23rd avenue
3399,-73.7480668552,40.773429489,249 forest road
3400,-73.830047518,40.5809500357,5 curtis court
3401,-73.8634741829,40.6804196119,439 drew street
3402,-73.8282382738,40.7963681489,1-022 powells cove drive
3403,-73.8457993711,40.7181053562,36 71st avenue
3404,-73.9650267984,40.5802512757,47 brighton 3rd court
3405,-73.9667667431,40.5771453765,68 brighton 1st lane
3406,-73.8296540184,40.8428424813,2990 merry avenue
3407,-73.7501075136,40.779874708,336 knollwood avenue
3408,-73.7522142716,40.7760379188,110 manor road
3409,-73.7516319906,40.7790196771,116 richmond road
3410,-74.1052472322,40.6245726087,79 whitewood avenue
3411,-74.106539995,40.6120372059,169 cattaraugus street
3412,-74.1482591697,40.5904954297,59 gina court
3413,-74.151621448,40.6151822466,454-02 caswell avenue
3414,-74.152476428,40.6147955667,399-01 willow road east
3415,-74.1512862677,40.6146211896,430-01 caswell avenue
3416,-74.1517600154,40.6139997989,427-02 willow road east
3417,-74.1517351773,40.6129403814,481-01 willow road east
3418,-74.1845748199,40.5934550314,61 simmons loop
3419,-74.1516032612,40.5503974275,24 nelson avenue
3420,-74.0755876864,40.6069079684,121 narrows road north
3421,-74.1182756065,40.5544835339,539 merkel place
3422,-74.1184308955,40.554339813,531 merkel place
3423,-74.1390335868,40.5466475898,37 yacht club cove
3424,-74.19966472,40.5537142382,103 lombard court
3425,-73.9664229794,40.5774244851,64 brighton 1st terrace
3426,-73.8249990675,40.7913181916,6 north drive
3427,-73.7519570041,40.7732537838,4 ridge road
3428,-73.7518140849,40.77906794,112 richmond road
3429,-74.1506374834,40.5495910892,17 nelson avenue
3430,-73.7769999123,40.7167869687,186-027 chelsea street
3431,-73.7508036384,40.7790583145,308 richmond road
3432,-73.9639899534,40.5804020677,38 brighton 4th court
3433,-73.8519276222,40.7081413933,108 walnut street
3434,-73.9663004645,40.5772166962,65 brighton 1st lane
3435,-73.848803883,40.7185594829,83 dartmouth street
3436,-73.7470419465,40.7757685377,335 arleigh road
3437,-73.8691269442,40.8215241248,46 clason point lane
3438,-73.9639410097,40.5802176027,33 brighton 4th walk
3439,-73.8698960287,40.8218179002,72 clason point lane
3440,-73.9664685334,40.5778369249,53 brighton 1st place
3441,-74.1506274145,40.5495486543,19 nelson avenue
3442,-73.9630642346,40.5801152225,25 brighton 5th lane
3443,-73.7465016022,40.7742720764,3 oak lane
3444,-73.8524781275,40.7078162448,117 walnut street
3445,-73.987693395,40.583293722,165 bay 52nd street
3446,-73.9640634465,40.5801827842,32 brighton 4th walk
3447,-73.8514909859,40.7082704777,98 walnut street
3448,-73.9080088889,40.7097833846,488 grandview avenue
3449,-73.7487365578,40.7738030527,234 ridge road
3450,-73.7506161376,40.7737919251,141 ridge road
3451,-73.807037311,40.8221467365,12 harding avenue
3452,-73.9604753673,40.5810305103,18 brighton 8th place
3453,-73.9120882945,40.7034684821,572 cypress avenue
3454,-73.7508504789,40.781175234,316 bayview avenue
3455,-73.8393219272,40.7145828377,120 greenway north
3456,-73.9528105486,40.5775323634,6 oriental court
3457,-73.7499553741,40.773570261,200 ridge road
3458,-73.7459707051,40.7748709416,343 ridge road
3459,-73.9628991682,40.5801507578,23 brighton 5th lane
3460,-74.2063101041,40.5173356899,200 vail avenue
3461,-73.7514194985,40.7776691618,202 grosvenor street
3462,-73.8065987067,40.8221808689,16 harding avenue
3463,-73.8636011074,40.6797535459,97-46 drew street
3464,-73.7440467593,40.7323129346,221-087 manor road
3465,-73.8374932807,40.7139374417,21 underwood road
3466,-73.8300016139,40.7108392339,111 82nd road
3467,-74.1023787435,40.5614696116,139 cedar grove court
3468,-73.8452571006,40.7176534245,26 bow street
3469,-73.8456743753,40.7184646983,20 71st avenue
3470,-73.9628599654,40.5804441371,34 brighton 5th walk
3471,-73.7495808136,40.7727439955,20 center drive
3472,-73.750363945,40.7724788596,16 cedar lane
3473,-73.7520358792,40.7793745628,103 richmond road
3474,-73.9613171314,40.5806852085,16 brighton 7th walk
3475,-73.8396873078,40.7107876431,270 greenway south
3476,-73.9836221833,40.6462593856,3380 ft hamilton parkway
3477,-73.9278632638,40.8129877974,15 canal place
3478,-73.804139293,40.6674778634,134-028 135th avenue
3479,-73.8415481619,40.7125653721,165 puritan avenue
3480,-73.9623189329,40.5808188867,39 brighton 6th court
3481,-73.7459134856,40.7729292593,335 38th road
3482,-73.7438728507,40.7613378832,6 carolina road
3483,-74.1035179139,40.6265552106,16 birch avenue
3484,-73.7532892532,40.7799969128,806 shore road
3485,-73.7379137656,40.7700162656,9 cornell lane
3486,-74.1078959404,40.5934452329,31 st james place
3487,-73.8466883077,40.787009014,8 beech court circle
3488,-73.8373224934,40.7134246819,4 deepdene road
3489,-73.9628634137,40.579893421,14 brighton 5th place
3490,-73.7474677366,40.7708922157,38 cherry street
3491,-74.1183686693,40.5539379764,518 merkel place
3492,-73.7503487074,40.778763537,317 warwick avenue
3493,-73.8076330645,40.8221980454,30 harding avenue
3494,-73.7440849589,40.7612805747,2 carolina road
3495,-73.942815623,40.7465519425,5 court square
3496,-74.1461775111,40.6118454862,96 auburn avenue
3497,-73.9636928358,40.5799915131,24 brighton 4th lane
3498,-73.9657936063,40.5798632431,45 brighton 2nd place
3499,-73.9079364164,40.7097406285,490 grandview avenue
3500,-73.9868969388,40.5828051211,125 bay 53rd street
3501,-73.748768676,40.7696384238,16 40th avenue
3502,-73.9603004202,40.5803416916,39 brighton 8th place
3503,-73.9657329099,40.5774709343,33 brighton 1st path
3504,-73.9603207705,40.5805650642,35 brighton 8th place
3505,-73.8433002054,40.7126010368,21 ingram street
3506,-73.7471739414,40.7717159237,15 circle road
3507,-73.7476312715,40.7731747728,260 forest road
3508,-73.7508985604,40.7776684523,214 grosvenor street
3509,-73.7497775641,40.7795396891,345 richmond road
3510,-73.7535294429,40.7782651509,5 grosvenor street
3511,-73.8486758118,40.7161297159,13 groton street
3512,-74.1024371967,40.5614983703,137 cedar grove court
3513,-73.8263987263,40.7928657741,9 7th avenue
3514,-73.9580262985,40.5827821513,1131 guider avenue
3515,-73.9604697506,40.580908682,16 brighton 8th place
3516,-73.8698398185,40.8218786762,70 clason point lane
3517,-73.9621960447,40.5808256029,38 brighton 6th court
3518,-74.1998525754,40.5539350049,111 lombard court
3519,-73.8696602517,40.8216040902,52 clason point lane
3520,-73.8619971078,40.6770542332,106-28 ruby street
3521,-73.9660541746,40.5771449552,86 brighton 1st place
3522,-73.8260085991,40.581982155,1 beach 105th street
3523,-73.7499051544,40.7795108119,341 richmond road
3524,-73.7822767046,40.7352455636,188-045 71st crescent
3525,-73.7493635299,40.7767896837,255 manor road
3526,-73.7533075265,40.7792950276,10 richmond road
3527,-73.7519045037,40.7730226656,110 west drive
3528,-74.1661123931,40.5392279085,57 woods of arden road
3529,-73.7513465181,40.7822213086,11-020 shore road
3530,-73.864529526,40.8516876074,2050 antin place
3531,-73.9875519195,40.582967083,146 bay 53rd street
3532,-73.9629809034,40.5803263297,28 brighton 5th walk
3533,-73.7440104306,40.7323141796,221-089 manor road
3534,-73.856363074,40.8075572198,1014 g street
3535,-73.7520841659,40.7790619279,104 richmond road
3536,-73.7491292371,40.7737251482,226 ridge road
3537,-73.9840101097,40.6458828251,3400 ft hamilton parkway
3538,-73.8037963254,40.6678571702,134-035 135th avenue
3539,-73.7510978476,40.6705369852,223-007 carson street
3540,-73.7477248792,40.7726452109,251 38th road
3541,-73.9281870812,40.8574780481,11 ft george hill
3542,-73.7522281233,40.7749369585,103 arleigh road
3543,-73.9542644542,40.5810016793,5 ocean court
3544,-73.7494535025,40.7731741372,211 forest road
3545,-73.9540044878,40.5810308989,7 ocean court
3546,-73.8407232866,40.7146663858,70 seasongood road
3547,-73.8564128706,40.8069260044,917 cornell avenue
3548,-73.9816451954,40.6428809368,111 story street
3549,-74.1183369973,40.5539683809,520 merkel place
3550,-73.962035973,40.5808744977,37 brighton 6th court
3551,-73.8817921847,40.6848506254,2 etna street
3552,-73.9657130105,40.5773649569,32 brighton 1st path
3553,-73.8446174288,40.7178711307,37 greenway terrace
3554,-73.7468121059,40.7772112667,363 manor road
3555,-74.2025822331,40.5551826466,200 cody place
3556,-73.7493946164,40.7698724254,1 willow drive
3557,-73.7455355063,40.774617028,350 ridge road
3558,-73.8064008113,40.82219814,18 harding avenue
3559,-73.9576695389,40.5817487807,60 brighton 10th street
3560,-73.7441394127,40.6917247343,217-014 francis lewis boulevard
3561,-73.8446267631,40.7178971675,35 greenway terrace
3562,-74.1506000788,40.5494164737,23 nelson avenue
3563,-73.9665825818,40.5770658831,71 brighton 1st lane
3564,-73.86365004,40.6799673358,97-36 drew street
3565,-73.7501142546,40.7738551704,203 ridge road
3566,-73.9657522728,40.5801400481,40 brighton 2nd place
3567,-73.8559160743,40.8083486633,6 banes court
3568,-73.743857161,40.6913687351,218-004 francis lewis boulevard
3569,-73.8202588101,40.5987656488,20-006 east 20th road
3570,-73.9067505915,40.897356663,5056 delafield avenue
3571,-73.8454883142,40.7177523115,14 bow street
3572,-73.8693285264,40.82195509,62 clason point lane
3573,-74.1021866284,40.5613841557,147 cedar grove court
3574,-73.7438894182,40.7323183274,221-093 manor road
3575,-74.1033168878,40.6263838036,14 birch avenue
3576,-73.7508209525,40.7769318803,216 beverly road
3577,-74.0866947419,40.6264022221,57 howard circle
3578,-73.9874420046,40.5829929902,142 bay 53rd street
3579,-73.8690470189,40.821610283,44 clason point lane
3580,-73.8569093004,40.8082072361,1631 underhill avenue
3581,-73.8329807905,40.7090758273,110 beverly road
3582,-73.751077041,40.7772361532,213 beverly road
3583,-73.9659008468,40.5780457175,38 brighton 1st walk
3584,-73.958760555,40.5802495156,104 brighton 10th street
3585,-73.7822133367,40.7350786033,188-045 71st crescent
3586,-73.7771123288,40.7164281971,186-030 chelsea street
3587,-73.9721383222,40.5938899281,88 village road south
3588,-73.7526115145,40.7812565538,10-008 shore road
3589,-73.7467345098,40.7733421057,310 forest road
3590,-73.7821037349,40.7348870537,188-045 71st crescent
3591,-73.8695637645,40.8216509646,54 clason point lane
3592,-73.8292044342,40.7059973406,267 brevoort street
3593,-73.960340207,40.5808779437,31 brighton 8th place
3594,-73.8690047247,40.8216802144,42 clason point lane
3595,-73.9628810697,40.579936766,14 brighton 5th place
3596,-73.8696692987,40.8220630478,64 clason point lane
3597,-73.8481115113,40.7170661895,44 fleet street
3598,-73.7522090914,40.7756182954,111 hollywood avenue
3599,-73.737882107,40.7699821736,9 cornell lane
3600,-73.7511286393,40.7764994371,203 manor road
3601,-73.8376221783,40.7138313194,31 underwood road
3602,-73.7434756611,40.7614169976,12 carolina road
3603,-73.749531815,40.7736414315,212 ridge road
3604,-73.7510975923,40.774408901,135 park lane
3605,-73.7530107834,40.7803410917,902 shore road
3606,-73.7520125377,40.7746570449,104 arleigh road
3607,-73.7496762486,40.7731226759,201 forest road
3608,-73.9657545304,40.5800197506,44 brighton 2nd place
3609,-73.9658544187,40.5777849018,3039 brighton 1st path
3610,-73.9638789796,40.5805093656,44 brighton 4th court
3611,-73.9640176685,40.5804821279,43 brighton 4th court
3612,-73.9658923703,40.5778942541,37 brighton 1st path
3613,-73.9658282539,40.5773437465,45 brighton 1st path
3614,-74.0050501919,40.6554756307,140 35th street
3615,-73.9129439598,40.8964304106,4 spaulding lane
3616,-73.9661631201,40.5784140033,8 brighton 1st court
3617,-73.7538454411,40.7760475433,7 manor road
3618,-73.9401468435,40.7579825281,12-011 38th avenue
3619,-74.102308994,40.5614352951,141 cedar grove court
3620,-73.9078279428,40.7099254225,491 grandview avenue
3621,-73.8569240223,40.8068456483,809 cornell avenue
3622,-73.7525528939,40.7777097872,104 grosvenor street
3623,-73.8687271883,40.8214557127,36 clason point lane
3624,-73.7459333185,40.775669971,358 arleigh road
3625,-73.9400057809,40.8512018749,854 west 181st street
3626,-73.9667203689,40.5770298904,70 brighton 1st lane
3627,-73.7822547392,40.7351653437,188-045 71st crescent
3628,-73.868663673,40.8215246652,38 clason point lane
3629,-73.9637044208,40.5795193865,11 brighton 4th place
3630,-73.7485447027,40.7787529332,356 warwick avenue
3631,-73.8573526771,40.8091707043,1519 underhill avenue
3632,-73.9728990843,40.5939532563,104 village road south
3633,-73.9638448272,40.5804375321,37 brighton 4th court
3634,-74.1249163151,40.5754811854,3096 dorothea place
3635,-73.8492459691,40.8143575276,317 torry avenue
3636,-73.8466675437,40.7185280022,44 tennis place
3637,-73.8403475642,40.7138020672,8 shorthill road
3638,-73.7479281562,40.7739066118,262 ridge road
3639,-74.1183915492,40.5543775521,533 merkel place
3640,-73.9358183972,40.583802518,3 shale street
3641,-73.8463721984,40.7866555243,4 beech court circle
3642,-73.966283774,40.5771288817,73 brighton 1st lane
3643,-73.9641521541,40.5804530142,42 brighton 4th court
3644,-73.9281395685,40.8125877022,5 canal place
3645,-73.9641041012,40.5803702187,406 brighton 4th court
3646,-73.8424128396,40.7180702064,10 holder place
3647,-73.9125498079,40.8321963141,1201 findlay avenue
3648,-73.9125645287,40.8326425384,1205 findlay avenue
3649,-73.8269328869,40.7928811942,80 malba drive
3650,-73.9727037783,40.5939404963,102 village road south
3651,-74.1026780878,40.56161065,127 cedar grove court
3652,-73.8280180423,40.7064858625,159 cuthbert road
3653,-73.9586517393,40.5803884481,98 brighton 10th street
3654,-73.7507818838,40.7786964456,301 warwick avenue
3655,-73.7470392511,40.7754918788,330 arleigh road
3656,-73.7468357651,40.771479792,2 240th street
3657,-73.8268465838,40.7913188532,66 malba drive
3658,-73.7520375789,40.7742396669,105 park lane
3659,-74.0061501928,40.5746164063,4024 beach 40th street
3660,-73.7517575093,40.7820756506,11-014 shore road
3661,-73.9630073529,40.5804129433,33 brighton 5th walk
3662,-73.7469998093,40.7745571914,317 ridge road
3663,-73.7822209495,40.7350945505,188-045 71st crescent
3664,-73.8037082346,40.6674967764,134-040 135th avenue
3665,-73.9876330039,40.5829317161,150 bay 53rd street
3666,-73.9640825399,40.5803746959,39 brighton 4th court
3667,-73.8292704366,40.705876863,271 brevoort street
3668,-73.744097216,40.7323112049,221-085 manor road
3669,-73.7441470333,40.7323094976,221-083 manor road
3670,-73.8068089777,40.8221640471,14 harding avenue
3671,-73.7491335892,40.7714835952,9 hillcrest avenue
3672,-73.9085975148,40.7123548326,61-019 tonsor street
3673,-73.8477357507,40.8138996986,322 howe avenue
3674,-73.9134780036,40.7461689756,50-021 51st street
3675,-73.7457872203,40.7711835802,328 cherry street
3676,-73.9051776984,40.7081052948,620 grandview avenue
3677,-73.8397857036,40.7111462155,256 greenway south
3678,-73.7544594854,40.7769830475,406 shore road
3679,-73.7866304569,40.6675004474,151-020 baisley boulevard
3680,-73.9614297023,40.580945715,25 brighton 7th court
3681,-73.966280829,40.5778155302,51 brighton 1st place
3682,-73.7820971772,40.7348733165,188-045 71st crescent
3683,-74.0399572068,40.621929101,9000 shore road
3684,-73.8377222577,40.714365709,8 76th road
3685,-73.9663288459,40.5780757193,35 brighton 1st walk
3686,-73.8436352271,40.7174698607,62 greenway terrace
3687,-73.7432421376,40.7614491317,14 carolina road
3688,-73.7822986927,40.7352965622,188-045 71st crescent
3689,-73.9048839797,40.7486575987,37-053 58th street
3690,-73.8254891195,40.7924300208,6 7th avenue
3691,-74.0774656449,40.626702536,111 canal street
3692,-73.7471193131,40.7736180869,303 forest road
3693,-73.7493826894,40.7698730692,1 40th avenue
3694,-73.7478554666,40.7719155985,128 prospect avenue
3695,-73.7467873907,40.7729168247,309 38th road
3696,-73.8891765665,40.651863648,35 flatlands avenue
3697,-73.9613144987,40.5809708127,24 brighton 7th court
3698,-74.0049035672,40.6553887461,146 35th street
3699,-73.8360845193,40.7080663676,140 audley street
3700,-73.7448739342,40.7710650701,11 stuart lane
3701,-73.8067009349,40.8221730248,15 harding avenue
3702,-73.8253407437,40.7913144852,8 north drive
3703,-73.9611798459,40.5807185357,14 brighton 7th walk
3704,-73.8373704957,40.7140303044,11 underwood road
3705,-73.9658120675,40.5776916773,3043 brighton 1st path
3706,-73.9660221611,40.5778715073,40 brighton 1st path
3707,-73.9479498141,40.7648414046,8 river road
3708,-73.9476687309,40.764959674,2 river road
3709,-73.835150439,40.7086278412,128 audley street
3710,-73.7546156306,40.7764238282,310 shore road
3711,-73.9657732952,40.5775801176,34 brighton 1st path
3712,-73.9660931361,40.5772809218,46 brighton 1st place
3713,-73.7485508026,40.7738173209,236 ridge road
3714,-73.7458982464,40.7733558669,336 forest road
3715,-73.8287261296,40.7070441372,251 brevoort street
3716,-73.7499162691,40.7718501393,8 38th road
3717,-73.7478461228,40.7763399377,321 hollywood avenue
3718,-73.7465816727,40.7744415074,306 ridge road
3719,-73.7484768222,40.77127746,2 hillcrest avenue
3720,-73.8694331164,40.8218130819,58 clason point lane
3721,-73.9603575708,40.5810837935,27 brighton 8th place
3722,-73.9315087177,40.6945374978,1072 malcolm x boulevard
3723,-73.806294971,40.8222066261,19 harding avenue
3724,-73.9628611371,40.5803593615,27 brighton 5th walk
3725,-73.7467472883,40.7717578608,8 circle road
3726,-73.7439275362,40.7616285551,9 carolina road
3727,-73.7822921892,40.735272593,188-045 71st crescent
3728,-74.1022545083,40.561408489,145 cedar grove court
3729,-73.8378695322,40.7142413325,12 overhill road
3730,-73.9604232066,40.5804095273,8 brighton 8th place
3731,-73.7482013395,40.7730522075,240 forest road
3732,-73.7482775928,40.7708116979,26 39th avenue
3733,-73.9137541585,40.645186155,8719 avenue d
3734,-73.8658953768,40.6820869046,369 eldert lane
3735,-73.7509770796,40.7737094734,129 ridge road
3736,-73.965521345,40.5797562155,55 brighton 2nd walk
3737,-73.7501527035,40.7773624538,237 beverly road
3738,-74.0042032697,40.6549670492,172 35th street
3739,-73.8281748894,40.7066197089,157 cuthbert road
3740,-73.7472432348,40.7718911748,19 circle road
3741,-73.7436929456,40.7613674076,8 carolina road
3742,-73.7514440604,40.7726483917,4 ardsley road
3743,-73.8619712798,40.6769484301,106-32 ruby street
3744,-73.9575897079,40.5818980055,61 brighton 10th street
3745,-73.9124835299,40.8327785944,1203 findlay avenue
3746,-73.9664297638,40.5770962195,72 brighton 1st lane
3747,-73.9192150791,40.7216900119,56-071 49th street
3748,-73.7822433713,40.7351415261,188-045 71st crescent
3749,-73.9661139623,40.5792101162,30 brighton 2nd place
3750,-73.7439408335,40.7323165654,221-091 manor road
3751,-73.8158369496,40.8454553737,100 outlook avenue
3752,-73.8158197228,40.8455201555,102 outlook avenue
3753,-73.8157508044,40.84556139,104 outlook avenue
3754,-73.8156487103,40.8456306242,106 outlook avenue
3755,-73.8158809026,40.8459002662,206 outlook avenue
3756,-73.8161489668,40.8457817769,200 outlook avenue
3757,-73.8160653278,40.8457962625,202 outlook avenue
3758,-73.8159945325,40.8458418034,204 outlook avenue
3759,-73.8155454392,40.8456893766,110 outlook avenue
3760,-73.8154919548,40.8457628438,112 outlook avenue
3761,-73.8153973068,40.8458128829,114 outlook avenue
3763,-73.8152113955,40.8459239409,120 outlook avenue
3762,-73.8153448373,40.8458500628,116 outlook avenue
3764,-73.8149548735,40.8460440082,126 outlook avenue
3765,-73.8156998076,40.8460384697,212 outlook avenue
3766,-73.8156219483,40.8460843884,214 outlook avenue
3767,-73.81554856,40.8461246853,216 outlook avenue
3768,-73.8154172887,40.8462043469,220 outlook avenue
3769,-73.8151661851,40.8463338697,226 outlook avenue
3770,-73.9123167602,40.5642570555,614 bayside
3771,-73.8909785049,40.5669646532,99 hillside avenue rockaways
3772,-73.8129826406,40.5884765637,4 beach 88th street
3773,-73.8128612101,40.5885153276,6 beach 88th street
3774,-73.9122166072,40.5642396778,615 bayside
3775,-73.8153103072,40.8462352914,222 outlook avenue
3776,-73.8129235158,40.5886604799,12 beach 88th street
3777,-73.8130777226,40.5886495881,10 beach 88th street
3778,-73.815781597,40.8459613653,210 outlook avenue
3779,-73.7252846241,40.6545159562,148-033 hook creek boulevard
3780,-73.8129997283,40.5886505892,5 beach 88th street
3781,-73.815111312,40.8459375188,122 outlook avenue
3782,-73.7252334275,40.6543887394,148-037 hook creek boulevard
3783,-73.8128328714,40.588704824,13 beach 88th street
3784,-73.8128264591,40.5886397787,9 beach 88th street
3785,-73.8127298989,40.5886913438,14 beach 88th street
3786,-73.7253177219,40.6546246715,148-031 hook creek boulevard
3787,-73.8781737033,40.7058953382,1-032 73rd street
3788,-73.8127203356,40.5885685005,15 beach 88th street
3789,-73.7274743397,40.732525806,238-010 hillside avenue bellerose
3790,-73.8909002893,40.5669538901,98 hillside avenue rockaways
3791,-73.832319564,40.6561691038,14 bayview avenue
3792,-73.8646958088,40.8515439405,2040 antin place
3793,-73.9946778133,40.6581097632,500 25th street
3794,-73.7727606784,40.6822167848,121-030 172nd street
3795,-73.7726856022,40.6821119172,121-028 172nd street
3796,-73.9526864344,40.5775542752,5 oriental court
3797,-73.8150596906,40.8459885684,124 outlook avenue
3798,-73.8152653707,40.8462897843,224 outlook avenue
3799,-73.9088938374,40.8148888125,605 pontiac place
3800,-73.7504406272,40.7734585285,144 center drive
3801,-73.7504503184,40.7734933936,144 ridge road
3802,-73.8677247089,40.9027988109,4452 van cortlandt park east
3803,-73.7421509897,40.7381739475,229-018 230th street
3804,-73.7421033108,40.7379889896,229-24 230th street
3805,-73.7421302862,40.7381179409,229-020 230th street
3806,-73.7422974511,40.7376621906,78-029 cloverdale boulevard
3807,-73.7422239345,40.7376781538,78-027 cloverdale boulevard
3808,-73.7421462438,40.7376950254,78-025 cloverdale boulevard
3809,-73.9142044226,40.8912135827,680-009 west 246th street
3810,-73.9142028354,40.8913038728,680-008 west 246th street
3811,-73.9141624589,40.8914055789,680-007 west 246th street
3812,-73.9140117245,40.8908047727,680-006 west 246th street
3813,-73.9139464141,40.8909620822,680-005 west 246th street
3814,-73.913936767,40.8911600432,680-004 west 246th street
3815,-73.9139204002,40.891344448,680-003 west 246th street
3816,-73.9138829319,40.8914907754,680-002 west 246th street
3817,-73.9140511641,40.8917040168,680-001 west 246th street
3818,-73.8163945827,40.8405274456,3391-01 country club road
3819,-73.815447163,40.8407181624,3391-11 country club road
3820,-73.8158850093,40.8406070985,3391-07 country club road
3821,-73.9033360141,40.7662757587,48-023 brooklyn queens expressway
3822,-73.9744170311,40.7353848141,2420 fdr drive service road east
3823,-73.8277770497,40.7921318788,22 boulevard
3824,-73.7531330163,40.6820168853,132-055 ridgedale street
3825,-74.1187812599,40.5537440154,500 merkel place
3826,-73.8964093992,40.62973428,8800 seaview avenue
3827,-73.9124944201,40.8328811698,1207 findlay avenue
3828,-73.9124670541,40.8329273031,1209 findlay avenue
3829,-73.9124384369,40.8329755455,1211 findlay avenue
3830,-73.9124098645,40.8330237111,1213 findlay avenue
3831,-73.9123796696,40.8330746136,1215 findlay avenue
3832,-74.2282288874,40.5307518872,2720 veterans road west
3833,-74.2286653963,40.5287786965,2750 veterans road west
3834,-74.2293800581,40.5300435196,2722 veterans road west
3835,-73.869910239,40.8218025348,72 clason point lane
3837,-74.0285076314,40.6106114864,111 white avenue
3838,-73.8488488968,40.7369868806,62-020 colonial avenue
3839,-73.8488102426,40.7372354758,62-030 colonial avenue
3840,-74.0106435116,40.7329109118,389 west street
3841,-74.082763673,40.6325406022,11 nixon avenue
3842,-73.7714882156,40.7251198626,196-003 grand central parkway
3843,-73.9355608212,40.5778144425,2001 oriental boulevard
3844,-74.0276193058,40.6118883736,114 white avenue
3845,-74.1620434557,40.5934781111,2191 richmond avenue
3846,-74.027970921,40.6085585989,123 general lee avenue
3847,-73.8195008866,40.7100971733,85-012 main street
3848,-73.8970350112,40.588092974,5031 flatbush avenue
3836,-74.0286542496,40.6104735515,115 white avenue
